studentID,grade
1,B
2,A
3,F
4,B
5,F
6,F
7,B
8,F
9,A
10,E
11,A
12,F
13,F
14,F
15,F
16,B
17,B
18,B
19,B
20,A
21,E
22,F
23,B
24,A
25,C
26,E
27,F
28,F
29,C
30,B
31,A
32,E
33,D
34,B
35,B
36,A
37,B
38,A
39,B
40,A
41,B
42,B
43,B
44,F
45,B
46,E
47,B
48,B
49,C
50,D
51,C
52,D
53,B
54,D
55,A
56,B
57,F
58,C
59,F
60,A
61,B
62,D
63,A
64,B
65,C
66,C
67,F
68,D
69,F
70,C
71,D
72,B
73,B
74,B
75,B
76,E
77,B
78,B
79,F
80,F
81,A
82,A
83,E
84,D
85,C
86,B
87,A
88,D
89,A
90,B
91,F
92,A
93,C
94,B
95,C
96,B
97,B
98,E
99,B
100,F
101,B
102,B
103,D
104,B
105,A
106,F
107,A
108,B
109,B
110,B
111,B
112,C
113,B
114,D
115,D
116,C
117,B
118,B
119,B
120,E
121,E
122,D
123,A
124,A
125,B
126,C
127,E
128,B
129,B
130,F
131,F
132,B
133,F
134,B
135,B
136,D
137,E
138,A
139,D
140,F
141,A
142,F
143,D
144,C
145,A
146,B
147,F
148,B
149,A
150,B
151,E
152,F
153,B
154,A
155,D
156,B
157,B
158,D
159,F
160,A
161,A
162,E
163,D
164,E
165,F
166,F
167,F
168,B
169,E
170,B
171,C
172,A
173,A
174,F
175,E
176,B
177,B
178,F
179,F
180,A
181,F
182,D
183,A
184,A
185,D
186,B
187,F
188,E
189,D
190,D
191,F
192,A
193,B
194,F
195,A
196,C
197,F
198,A
199,C
200,F
201,F
202,B
203,B
204,F
205,E
206,F
207,B
208,A
209,A
210,E
211,A
212,B
213,A
214,C
215,F
216,F
217,D
218,D
219,B
220,F
221,D
222,F
223,D
224,F
225,C
226,B
227,A
228,F
229,A
230,A
231,E
232,F
233,A
234,A
235,F
236,F
237,B
238,F
239,F
240,C
241,F
242,A
243,C
244,F
245,B
246,F
247,A
248,B
249,B
250,F
251,C
252,B
253,F
254,E
255,A
256,F
257,C
258,B
259,D
260,F
261,B
262,B
263,A
264,F
265,B
266,F
267,A
268,A
269,A
270,B
271,B
272,F
273,D
274,B
275,C
276,F
277,F
278,F
279,B
280,B
281,B
282,B
283,B
284,C
285,F
286,A
287,F
288,A
289,B
290,B
291,B
292,F
293,F
294,E
295,A
296,E
297,B
298,E
299,A
300,D
301,C
302,B
303,F
304,F
305,A
306,D
307,C
308,E
309,B
310,F
311,B
312,E
313,C
314,F
315,F
316,F
317,B
318,A
319,A
320,A
321,A
322,F
323,C
324,A
325,E
326,B
327,F
328,F
329,E
330,E
331,B
332,B
333,B
334,B
335,E
336,F
337,F
338,A
339,A
340,F
341,B
342,F
343,B
344,F
345,A
346,D
347,C
348,B
349,F
350,D
351,C
352,C
353,B
354,B
355,D
356,E
357,E
358,E
359,A
360,D
361,B
362,B
363,A
364,B
365,C
366,B
367,D
368,A
369,E
370,F
371,F
372,F
373,B
374,F
375,E
376,F
377,F
378,B
379,F
380,F
381,C
382,D
383,B
384,E
385,A
386,B
387,F
388,F
389,E
390,B
391,A
392,B
393,B
394,A
395,D
396,F
397,F
398,F
399,F
400,A
401,B
402,B
403,B
404,B
405,C
406,A
407,B
408,D
409,B
410,F
411,B
412,C
413,A
414,A
415,F
416,C
417,E
418,D
419,B
420,F
421,F
422,F
423,B
424,B
425,E
426,B
427,F
428,C
429,E
430,B
431,C
432,D
433,C
434,B
435,F
436,E
437,A
438,F
439,F
440,B
441,E
442,B
443,F
444,F
445,B
446,F
447,F
448,D
449,E
450,B
451,A
452,A
453,D
454,D
455,B
456,D
457,B
458,B
459,F
460,B
461,B
462,B
463,A
464,B
465,C
466,F
467,D
468,C
469,A
470,D
471,F
472,E
473,E
474,D
475,B
476,D
477,A
478,F
479,C
480,F
481,B
482,A
483,D
484,B
485,E
486,A
487,A
488,A
489,F
490,A
491,D
492,A
493,E
494,B
495,F
496,F
497,F
498,D
499,F
500,F
501,E
502,D
503,B
504,D
505,B
506,D
507,E
508,E
509,F
510,F
511,B
512,B
513,B
514,F
515,E
516,D
517,F
518,E
519,E
520,A
521,A
522,F
523,B
524,B
525,E
526,E
527,F
528,E
529,A
530,D
531,A
532,A
533,D
534,F
535,B
536,B
537,A
538,E
539,C
540,B
541,F
542,F
543,A
544,B
545,B
546,B
547,F
548,A
549,D
550,E
551,E
552,B
553,B
554,B
555,B
556,F
557,A
558,A
559,A
560,F
561,B
562,C
563,E
564,A
565,E
566,C
567,B
568,E
569,C
570,C
571,A
572,A
573,D
574,E
575,B
576,E
577,E
578,C
579,A
580,E
581,A
582,B
583,D
584,B
585,E
586,A
587,B
588,A
589,B
590,B
591,D
592,B
593,C
594,F
595,E
596,B
597,D
598,B
599,E
600,B
601,A
602,C
603,E
604,C
605,B
606,C
607,C
608,A
609,E
610,F
611,F
612,B
613,C
614,F
615,B
616,F
617,B
618,B
619,F
620,A
621,A
622,B
623,A
624,F
625,C
626,C
627,A
628,B
629,B
630,C
631,A
632,F
633,F
634,F
635,E
636,A
637,F
638,A
639,A
640,A
641,D
642,A
643,B
644,F
645,B
646,C
647,A
648,B
649,C
650,E
651,B
652,A
653,F
654,D
655,A
656,B
657,E
658,E
659,C
660,D
661,A
662,A
663,F
664,B
665,D
666,B
667,D
668,B
669,F
670,A
671,A
672,A
673,A
674,B
675,A
676,C
677,B
678,F
679,D
680,D
681,A
682,F
683,A
684,E
685,F
686,B
687,F
688,B
689,B
690,F
691,C
692,A
693,F
694,F
695,B
696,F
697,E
698,B
699,D
700,B
701,A
702,E
703,A
704,E
705,F
706,A
707,E
708,B
709,C
710,F
711,A
712,D
713,E
714,D
715,B
716,A
717,A
718,F
719,D
720,D
721,F
722,F
723,C
724,B
725,A
726,C
727,F
728,B
729,D
730,E
731,A
732,B
733,A
734,C
735,B
736,F
737,C
738,E
739,F
740,A
741,A
742,B
743,F
744,F
745,A
746,A
747,C
748,A
749,B
750,F
751,A
752,B
753,D
754,B
755,E
756,A
757,B
758,E
759,F
760,D
761,B
762,A
763,E
764,F
765,A
766,F
767,A
768,B
769,B
770,B
771,B
772,B
773,F
774,B
775,B
776,E
777,F
778,B
779,C
780,D
781,A
782,E
783,F
784,F
785,E
786,A
787,C
788,D
789,A
790,A
791,B
792,F
793,A
794,A
795,A
796,B
797,E
798,B
799,A
800,B
801,B
802,B
803,A
804,F
805,A
806,B
807,C
808,B
809,B
810,F
811,C
812,C
813,E
814,E
815,F
816,B
817,A
818,B
819,E
820,B
821,B
822,A
823,B
824,D
825,D
826,E
827,A
828,F
829,E
830,C
831,E
832,A
833,D
834,D
835,E
836,B
837,A
838,F
839,B
840,A
841,A
842,F
843,F
844,B
845,B
846,B
847,F
848,B
849,E
850,B
851,F
852,B
853,E
854,A
855,D
856,E
857,E
858,B
859,D
860,E
861,A
862,A
863,D
864,C
865,F
866,B
867,B
868,A
869,F
870,C
871,F
872,B
873,D
874,E
875,B
876,D
877,D
878,E
879,A
880,B
881,D
882,B
883,A
884,B
885,F
886,D
887,B
888,B
889,B
890,A
891,F
892,D
893,F
894,C
895,D
896,D
897,F
898,B
899,B
900,D
901,F
902,A
903,A
904,B
905,C
906,C
907,A
908,E
909,B
910,B
911,F
912,D
913,B
914,B
915,B
916,F
917,A
918,A
919,F
920,E
921,C
922,A
923,B
924,A
925,C
926,B
927,B
928,B
929,C
930,B
931,F
932,A
933,A
934,B
935,F
936,B
937,E
938,F
939,F
940,B
941,C
942,A
943,C
944,F
945,B
946,C
947,E
948,B
949,F
950,C
951,B
952,B
953,F
954,B
955,C
956,A
957,D
958,A
959,B
960,B
961,A
962,C
963,B
964,A
965,F
966,B
967,B
968,A
969,B
970,B
971,A
972,A
973,C
974,C
975,B
976,A
977,A
978,C
979,E
980,F
981,B
982,B
983,B
984,A
985,B
986,F
987,A
988,C
989,A
990,D
991,B
992,D
993,F
994,E
995,C
996,E
997,E
998,C
999,F
1000,D
1001,A
1002,A
1003,B
1004,C
1005,B
1006,A
1007,F
1008,F
1009,C
1010,B
1011,D
1012,A
1013,B
1014,B
1015,B
1016,B
1017,C
1018,F
1019,A
1020,B
1021,D
1022,F
1023,D
1024,B
1025,A
1026,A
1027,F
1028,B
1029,A
1030,B
1031,B
1032,D
1033,B
1034,F
1035,B
1036,B
1037,C
1038,C
1039,F
1040,C
1041,C
1042,B
1043,A
1044,C
1045,B
1046,B
1047,B
1048,B
1049,B
1050,E
1051,A
1052,C
1053,B
1054,B
1055,F
1056,F
1057,E
1058,A
1059,F
1060,B
1061,E
1062,E
1063,B
1064,A
1065,A
1066,D
1067,B
1068,F
1069,A
1070,B
1071,B
1072,E
1073,A
1074,B
1075,B
1076,D
1077,F
1078,E
1079,A
1080,F
1081,B
1082,B
1083,B
1084,A
1085,F
1086,B
1087,B
1088,A
1089,F
1090,B
1091,B
1092,F
1093,F
1094,F
1095,C
1096,B
1097,B
1098,C
1099,B
1100,A
1101,C
1102,C
1103,A
1104,A
1105,B
1106,E
1107,A
1108,D
1109,D
1110,C
1111,B
1112,A
1113,A
1114,B
1115,B
1116,A
1117,F
1118,E
1119,D
1120,B
1121,C
1122,D
1123,C
1124,F
1125,A
1126,B
1127,B
1128,B
1129,F
1130,F
1131,B
1132,A
1133,F
1134,A
1135,C
1136,C
1137,B
1138,A
1139,A
1140,F
1141,B
1142,F
1143,F
1144,E
1145,C
1146,F
1147,F
1148,E
1149,B
1150,A
1151,B
1152,B
1153,E
1154,F
1155,D
1156,F
1157,B
1158,B
1159,F
1160,C
1161,A
1162,F
1163,F
1164,B
1165,F
1166,A
1167,A
1168,B
1169,A
1170,C
1171,B
1172,E
1173,C
1174,B
1175,A
1176,E
1177,B
1178,D
1179,D
1180,C
1181,B
1182,E
1183,B
1184,F
1185,B
1186,F
1187,E
1188,D
1189,F
1190,D
1191,B
1192,A
1193,D
1194,B
1195,C
1196,F
1197,A
1198,B
1199,B
1200,A
1201,F
1202,A
1203,D
1204,E
1205,B
1206,D
1207,A
1208,F
1209,A
1210,E
1211,B
1212,D
1213,D
1214,B
1215,A
1216,F
1217,B
1218,C
1219,E
1220,A
1221,B
1222,F
1223,E
1224,F
1225,D
1226,B
1227,A
1228,C
1229,B
1230,C
1231,B
1232,D
1233,F
1234,C
1235,A
1236,B
1237,C
1238,C
1239,B
1240,F
1241,C
1242,E
1243,C
1244,B
1245,A
1246,A
1247,A
1248,C
1249,B
1250,A
1251,B
1252,F
1253,B
1254,E
1255,F
1256,B
1257,A
1258,E
1259,B
1260,E
1261,B
1262,B
1263,A
1264,E
1265,B
1266,B
1267,B
1268,B
1269,F
1270,E
1271,A
1272,C
1273,D
1274,C
1275,E
1276,E
1277,C
1278,E
1279,B
1280,A
1281,C
1282,B
1283,B
1284,F
1285,B
1286,A
1287,E
1288,B
1289,A
1290,F
1291,B
1292,D
1293,E
1294,F
1295,A
1296,D
1297,B
1298,B
1299,A
1300,B
1301,F
1302,C
1303,F
1304,F
1305,B
1306,F
1307,D
1308,D
1309,D
1310,F
1311,D
1312,D
1313,E
1314,A
1315,F
1316,F
1317,F
1318,F
1319,B
1320,B
1321,C
1322,C
1323,B
1324,E
1325,B
1326,B
1327,F
1328,D
1329,B
1330,C
1331,A
1332,F
1333,F
1334,A
1335,F
1336,B
1337,B
1338,A
1339,E
1340,D
1341,E
1342,F
1343,B
1344,A
1345,A
1346,F
1347,F
1348,C
1349,D
1350,F
1351,A
1352,E
1353,B
1354,B
1355,C
1356,F
1357,F
1358,E
1359,B
1360,F
1361,F
1362,F
1363,B
1364,A
1365,B
1366,F
1367,B
1368,C
1369,D
1370,B
1371,D
1372,C
1373,E
1374,D
1375,F
1376,B
1377,C
1378,B
1379,A
1380,D
1381,A
1382,E
1383,D
1384,A
1385,B
1386,F
1387,F
1388,E
1389,F
1390,F
1391,A
1392,B
1393,F
1394,A
1395,B
1396,A
1397,C
1398,B
1399,A
1400,B
1401,F
1402,B
1403,F
1404,A
1405,B
1406,F
1407,A
1408,A
1409,F
1410,E
1411,B
1412,F
1413,E
1414,F
1415,B
1416,A
1417,A
1418,A
1419,C
1420,C
1421,B
1422,A
1423,B
1424,D
1425,D
1426,B
1427,D
1428,B
1429,A
1430,F
1431,F
1432,B
1433,B
1434,B
1435,A
1436,E
1437,B
1438,B
1439,B
1440,B
1441,F
1442,A
1443,A
1444,D
1445,B
1446,E
1447,A
1448,F
1449,C
1450,A
1451,E
1452,A
1453,C
1454,B
1455,B
1456,B
1457,B
1458,A
1459,F
1460,D
1461,D
1462,C
1463,E
1464,C
1465,E
1466,C
1467,B
1468,C
1469,C
1470,F
1471,A
1472,B
1473,A
1474,A
1475,D
1476,F
1477,C
1478,A
1479,B
1480,A
1481,F
1482,B
1483,D
1484,F
1485,E
1486,B
1487,E
1488,A
1489,B
1490,C
1491,F
1492,F
1493,A
1494,B
1495,B
1496,F
1497,A
1498,F
1499,F
1500,B
1501,B
1502,A
1503,A
1504,A
1505,F
1506,F
1507,F
1508,B
1509,B
1510,B
1511,B
1512,A
1513,F
1514,B
1515,F
1516,C
1517,D
1518,B
1519,F
1520,B
1521,F
1522,C
1523,B
1524,B
1525,F
1526,B
1527,F
1528,B
1529,E
1530,A
1531,F
1532,B
1533,B
1534,B
1535,D
1536,A
1537,B
1538,A
1539,D
1540,B
1541,B
1542,F
1543,B
1544,F
1545,F
1546,A
1547,B
1548,D
1549,A
1550,B
1551,A
1552,A
1553,E
1554,F
1555,F
1556,B
1557,A
1558,A
1559,B
1560,A
1561,D
1562,B
1563,B
1564,B
1565,E
1566,C
1567,E
1568,A
1569,C
1570,C
1571,B
1572,F
1573,B
1574,B
1575,B
1576,B
1577,F
1578,E
1579,B
1580,B
1581,C
1582,A
1583,D
1584,E
1585,F
1586,D
1587,F
1588,F
1589,B
1590,F
1591,B
1592,F
1593,E
1594,F
1595,B
1596,C
1597,C
1598,A
1599,A
1600,C
1601,F
1602,E
1603,F
1604,E
1605,F
1606,F
1607,F
1608,E
1609,C
1610,F
1611,D
1612,B
1613,D
1614,C
1615,A
1616,A
1617,B
1618,B
1619,E
1620,D
1621,B
1622,A
1623,F
1624,B
1625,F
1626,B
1627,A
1628,B
1629,A
1630,F
1631,C
1632,D
1633,A
1634,C
1635,F
1636,C
1637,A
1638,B
1639,B
1640,F
1641,B
1642,F
1643,C
1644,A
1645,B
1646,B
1647,E
1648,E
1649,F
1650,B
1651,F
1652,B
1653,B
1654,E
1655,A
1656,B
1657,B
1658,B
1659,A
1660,D
1661,E
1662,D
1663,A
1664,F
1665,B
1666,B
1667,A
1668,F
1669,A
1670,E
1671,B
1672,A
1673,F
1674,E
1675,C
1676,A
1677,B
1678,D
1679,C
1680,F
1681,A
1682,B
1683,F
1684,A
1685,E
1686,F
1687,A
1688,B
1689,E
1690,C
1691,A
1692,F
1693,E
1694,F
1695,C
1696,A
1697,B
1698,E
1699,A
1700,F
1701,F
1702,B
1703,B
1704,F
1705,B
1706,B
1707,E
1708,C
1709,B
1710,A
1711,F
1712,A
1713,D
1714,C
1715,C
1716,A
1717,F
1718,B
1719,E
1720,A
1721,A
1722,B
1723,E
1724,D
1725,B
1726,B
1727,F
1728,B
1729,F
1730,A
1731,B
1732,B
1733,D
1734,D
1735,F
1736,D
1737,D
1738,E
1739,B
1740,F
1741,A
1742,A
1743,E
1744,B
1745,B
1746,A
1747,E
1748,D
1749,A
1750,D
1751,E
1752,E
1753,B
1754,A
1755,B
1756,E
1757,D
1758,F
1759,F
1760,F
1761,D
1762,F
1763,D
1764,A
1765,D
1766,B
1767,A
1768,B
1769,E
1770,B
1771,F
1772,B
1773,C
1774,B
1775,A
1776,F
1777,C
1778,A
1779,C
1780,F
1781,B
1782,A
1783,C
1784,B
1785,A
1786,F
1787,A
1788,B
1789,F
1790,A
1791,B
1792,D
1793,A
1794,B
1795,F
1796,B
1797,C
1798,D
1799,C
1800,B
1801,A
1802,E
1803,B
1804,F
1805,B
1806,D
1807,A
1808,A
1809,F
1810,D
1811,F
1812,D
1813,E
1814,A
1815,E
1816,E
1817,F
1818,B
1819,B
1820,B
1821,B
1822,B
1823,F
1824,B
1825,F
1826,F
1827,A
1828,C
1829,E
1830,A
1831,A
1832,F
1833,F
1834,C
1835,B
1836,E
1837,A
1838,C
1839,C
1840,F
1841,B
1842,D
1843,F
1844,A
1845,C
1846,A
1847,F
1848,B
1849,B
1850,A
1851,D
1852,B
1853,D
1854,D
1855,F
1856,C
1857,B
1858,F
1859,B
1860,F
1861,B
1862,B
1863,F
1864,A
1865,F
1866,F
1867,E
1868,D
1869,F
1870,F
1871,B
1872,B
1873,F
1874,A
1875,A
1876,A
1877,D
1878,E
1879,F
1880,B
1881,F
1882,D
1883,C
1884,B
1885,B
1886,D
1887,F
1888,B
1889,F
1890,B
1891,A
1892,F
1893,F
1894,C
1895,D
1896,B
1897,A
1898,C
1899,A
1900,B
1901,A
1902,A
1903,C
1904,D
1905,F
1906,B
1907,B
1908,E
1909,B
1910,B
1911,A
1912,E
1913,C
1914,A
1915,F
1916,F
1917,B
1918,C
1919,F
1920,F
1921,C
1922,A
1923,F
1924,E
1925,D
1926,D
1927,E
1928,B
1929,F
1930,F
1931,B
1932,F
1933,D
1934,A
1935,A
1936,F
1937,A
1938,A
1939,B
1940,E
1941,B
1942,F
1943,F
1944,F
1945,A
1946,C
1947,C
1948,C
1949,F
1950,B
1951,F
1952,C
1953,B
1954,B
1955,A
1956,A
1957,B
1958,F
1959,D
1960,C
1961,F
1962,A
1963,B
1964,F
1965,B
1966,A
1967,A
1968,A
1969,F
1970,F
1971,F
1972,D
1973,E
1974,B
1975,B
1976,B
1977,B
1978,A
1979,F
1980,F
1981,A
1982,A
1983,B
1984,F
1985,B
1986,F
1987,C
1988,E
1989,D
1990,F
1991,F
1992,B
1993,F
1994,C
1995,F
1996,D
1997,E
1998,A
1999,F
2000,B
2001,A
2002,A
2003,B
2004,C
2005,D
2006,E
2007,B
2008,F
2009,F
2010,C
2011,B
2012,B
2013,A
2014,A
2015,B
2016,B
2017,E
2018,E
2019,B
2020,A
2021,B
2022,E
2023,C
2024,A
2025,B
2026,C
2027,A
2028,C
2029,C
2030,B
2031,D
2032,D
2033,B
2034,F
2035,F
2036,B
2037,B
2038,C
2039,D
2040,C
2041,F
2042,B
2043,C
2044,D
2045,A
2046,F
2047,C
2048,A
2049,F
2050,A
2051,B
2052,B
2053,E
2054,B
2055,C
2056,C
2057,A
2058,F
2059,C
2060,D
2061,B
2062,B
2063,A
2064,D
2065,C
2066,D
2067,D
2068,A
2069,B
2070,B
2071,B
2072,C
2073,B
2074,A
2075,B
2076,F
2077,B
2078,E
2079,B
2080,B
2081,B
2082,B
2083,B
2084,A
2085,A
2086,C
2087,B
2088,F
2089,B
2090,C
2091,D
2092,F
2093,A
2094,A
2095,A
2096,C
2097,F
2098,F
2099,B
2100,D
2101,D
2102,B
2103,A
2104,F
2105,D
2106,F
2107,A
2108,E
2109,D
2110,B
2111,A
2112,B
2113,B
2114,F
2115,C
2116,B
2117,F
2118,A
2119,A
2120,A
2121,B
2122,A
2123,C
2124,A
2125,A
2126,A
2127,F
2128,F
2129,D
2130,A
2131,A
2132,A
2133,F
2134,B
2135,A
2136,B
2137,F
2138,B
2139,F
2140,B
2141,E
2142,A
2143,B
2144,A
2145,B
2146,D
2147,A
2148,C
2149,F
2150,D
2151,F
2152,A
2153,B
2154,F
2155,B
2156,B
2157,B
2158,B
2159,F
2160,F
2161,B
2162,F
2163,C
2164,A
2165,E
2166,E
2167,F
2168,B
2169,A
2170,F
2171,F
2172,F
2173,C
2174,B
2175,F
2176,F
2177,F
2178,F
2179,B
2180,A
2181,B
2182,D
2183,D
2184,B
2185,D
2186,C
2187,F
2188,A
2189,B
2190,B
2191,F
2192,B
2193,C
2194,E
2195,E
2196,B
2197,B
2198,D
2199,A
2200,B
2201,B
2202,A
2203,B
2204,B
2205,D
2206,E
2207,A
2208,D
2209,C
2210,C
2211,D
2212,B
2213,F
2214,A
2215,E
2216,D
2217,B
2218,E
2219,F
2220,E
2221,D
2222,C
2223,B
2224,B
2225,B
2226,D
2227,B
2228,C
2229,A
2230,B
2231,C
2232,B
2233,A
2234,B
2235,C
2236,F
2237,F
2238,B
2239,C
2240,F
2241,D
2242,B
2243,C
2244,A
2245,A
2246,B
2247,B
2248,C
2249,C
2250,D
2251,C
2252,C
2253,A
2254,F
2255,D
2256,A
2257,A
2258,E
2259,B
2260,C
2261,A
2262,D
2263,F
2264,F
2265,A
2266,F
2267,A
2268,D
2269,B
2270,A
2271,B
2272,E
2273,D
2274,B
2275,D
2276,F
2277,B
2278,F
2279,B
2280,B
2281,A
2282,F
2283,A
2284,B
2285,C
2286,A
2287,B
2288,A
2289,F
2290,A
2291,F
2292,F
2293,D
2294,A
2295,B
2296,F
2297,F
2298,F
2299,D
2300,A
2301,A
2302,A
2303,B
2304,F
2305,A
2306,F
2307,B
2308,F
2309,A
2310,A
2311,F
2312,A
2313,B
2314,F
2315,B
2316,F
2317,D
2318,A
2319,C
2320,C
2321,E
2322,C
2323,E
2324,B
2325,A
2326,B
2327,D
2328,E
2329,C
2330,A
2331,A
2332,F
2333,D
2334,F
2335,B
2336,A
2337,D
2338,D
2339,B
2340,B
2341,B
2342,F
2343,A
2344,B
2345,B
2346,E
2347,E
2348,B
2349,C
2350,B
2351,B
2352,F
2353,A
2354,B
2355,B
2356,E
2357,A
2358,F
2359,A
2360,D
2361,C
2362,C
2363,E
2364,B
2365,B
2366,D
2367,C
2368,E
2369,B
2370,D
2371,F
2372,C
2373,A
2374,E
2375,B
2376,D
2377,B
2378,F
2379,B
2380,B
2381,B
2382,B
2383,B
2384,F
2385,A
2386,D
2387,B
2388,B
2389,F
2390,D
2391,B
2392,B
2393,E
2394,B
2395,F
2396,B
2397,B
2398,C
2399,A
2400,B
2401,A
2402,D
2403,B
2404,F
2405,C
2406,E
2407,B
2408,B
2409,D
2410,F
2411,C
2412,E
2413,F
2414,F
2415,E
2416,C
2417,F
2418,D
2419,A
2420,F
2421,C
2422,B
2423,B
2424,A
2425,B
2426,E
2427,C
2428,F
2429,F
2430,B
2431,A
2432,F
2433,B
2434,F
2435,A
2436,F
2437,B
2438,C
2439,F
2440,F
2441,A
2442,D
2443,B
2444,A
2445,B
2446,F
2447,B
2448,F
2449,A
2450,F
2451,B
2452,F
2453,C
2454,A
2455,F
2456,C
2457,F
2458,E
2459,C
2460,B
2461,F
2462,D
2463,E
2464,A
2465,D
2466,A
2467,B
2468,B
2469,E
2470,F
2471,A
2472,B
2473,F
2474,A
2475,E
2476,F
2477,F
2478,F
2479,D
2480,A
2481,F
2482,C
2483,C
2484,F
2485,F
2486,D
2487,B
2488,F
2489,A
2490,B
2491,B
2492,B
2493,C
2494,B
2495,B
2496,B
2497,B
2498,B
2499,F
2500,A
2501,F
2502,B
2503,F
2504,C
2505,D
2506,B
2507,C
2508,B
2509,E
2510,D
2511,E
2512,B
2513,A
2514,D
2515,E
2516,B
2517,B
2518,F
2519,B
2520,B
2521,E
2522,D
2523,C
2524,A
2525,E
2526,F
2527,B
2528,A
2529,A
2530,F
2531,B
2532,B
2533,B
2534,A
2535,B
2536,A
2537,B
2538,F
2539,A
2540,A
2541,B
2542,C
2543,A
2544,A
2545,C
2546,F
2547,B
2548,F
2549,F
2550,E
2551,A
2552,A
2553,B
2554,A
2555,F
2556,C
2557,B
2558,B
2559,C
2560,B
2561,F
2562,A
2563,C
2564,B
2565,C
2566,E
2567,D
2568,D
2569,C
2570,C
2571,A
2572,A
2573,F
2574,B
2575,B
2576,E
2577,D
2578,B
2579,D
2580,A
2581,B
2582,B
2583,B
2584,B
2585,F
2586,E
2587,D
2588,B
2589,B
2590,F
2591,F
2592,B
2593,F
2594,E
2595,A
2596,B
2597,E
2598,F
2599,C
2600,F
2601,A
2602,F
2603,B
2604,B
2605,F
2606,B
2607,C
2608,B
2609,F
2610,E
2611,F
2612,E
2613,B
2614,A
2615,C
2616,A
2617,B
2618,C
2619,E
2620,B
2621,A
2622,A
2623,B
2624,D
2625,A
2626,B
2627,B
2628,B
2629,A
2630,B
2631,C
2632,D
2633,F
2634,F
2635,E
2636,B
2637,B
2638,B
2639,B
2640,B
2641,F
2642,F
2643,C
2644,A
2645,B
2646,A
2647,B
2648,A
2649,F
2650,F
2651,B
2652,D
2653,D
2654,A
2655,E
2656,D
2657,B
2658,D
2659,A
2660,A
2661,B
2662,D
2663,B
2664,A
2665,F
2666,E
2667,D
2668,A
2669,B
2670,F
2671,A
2672,E
2673,D
2674,D
2675,B
2676,E
2677,B
2678,B
2679,F
2680,F
2681,F
2682,B
2683,E
2684,F
2685,F
2686,A
2687,A
2688,C
2689,F
2690,F
2691,A
2692,C
2693,C
2694,F
2695,A
2696,D
2697,A
2698,B
2699,B
2700,C
2701,F
2702,B
2703,A
2704,C
2705,F
2706,B
2707,B
2708,B
2709,A
2710,F
2711,A
2712,B
2713,B
2714,F
2715,F
2716,B
2717,A
2718,B
2719,B
2720,F
2721,E
2722,F
2723,D
2724,B
2725,A
2726,D
2727,F
2728,A
2729,A
2730,A
2731,B
2732,B
2733,E
2734,A
2735,F
2736,E
2737,A
2738,E
2739,F
2740,C
2741,A
2742,B
2743,B
2744,A
2745,E
2746,B
2747,F
2748,B
2749,F
2750,B
2751,B
2752,C
2753,B
2754,E
2755,B
2756,A
2757,A
2758,C
2759,B
2760,E
2761,B
2762,E
2763,F
2764,F
2765,B
2766,D
2767,E
2768,C
2769,F
2770,B
2771,F
2772,C
2773,B
2774,A
2775,E
2776,D
2777,B
2778,F
2779,A
2780,B
2781,B
2782,A
2783,B
2784,E
2785,B
2786,B
2787,F
2788,C
2789,B
2790,B
2791,A
2792,F
2793,C
2794,B
2795,C
2796,B
2797,A
2798,E
2799,C
2800,B
2801,F
2802,B
2803,D
2804,C
2805,B
2806,F
2807,F
2808,C
2809,A
2810,A
2811,C
2812,F
2813,C
2814,B
2815,C
2816,E
2817,B
2818,E
2819,B
2820,C
2821,A
2822,B
2823,B
2824,B
2825,B
2826,B
2827,A
2828,C
2829,B
2830,E
2831,B
2832,B
2833,C
2834,E
2835,E
2836,F
2837,A
2838,A
2839,A
2840,B
2841,F
2842,B
2843,A
2844,E
2845,C
2846,A
2847,F
2848,E
2849,E
2850,A
2851,B
2852,B
2853,D
2854,D
2855,F
2856,F
2857,F
2858,E
2859,A
2860,B
2861,B
2862,F
2863,B
2864,A
2865,B
2866,B
2867,E
2868,B
2869,F
2870,F
2871,A
2872,E
2873,B
2874,D
2875,D
2876,B
2877,B
2878,B
2879,F
2880,B
2881,F
2882,B
2883,B
2884,B
2885,D
2886,C
2887,A
2888,B
2889,B
2890,B
2891,C
2892,D
2893,A
2894,F
2895,D
2896,B
2897,B
2898,B
2899,B
2900,F
2901,B
2902,B
2903,A
2904,F
2905,B
2906,F
2907,B
2908,F
2909,B
2910,B
2911,B
2912,A
2913,B
2914,A
2915,B
2916,F
2917,B
2918,F
2919,E
2920,D
2921,E
2922,A
2923,B
2924,D
2925,B
2926,F
2927,F
2928,B
2929,A
2930,B
2931,E
2932,A
2933,E
2934,A
2935,F
2936,A
2937,B
2938,E
2939,B
2940,D
2941,C
2942,A
2943,A
2944,F
2945,F
2946,B
2947,B
2948,B
2949,E
2950,D
2951,B
2952,A
2953,B
2954,B
2955,C
2956,C
2957,C
2958,A
2959,D
2960,E
2961,B
2962,B
2963,B
2964,B
2965,B
2966,B
2967,A
2968,B
2969,B
2970,E
2971,A
2972,D
2973,E
2974,B
2975,F
2976,B
2977,D
2978,F
2979,C
2980,A
2981,F
2982,B
2983,E
2984,C
2985,F
2986,B
2987,C
2988,B
2989,A
2990,B
2991,A
2992,D
2993,C
2994,B
2995,A
2996,B
2997,F
2998,B
2999,F
3000,B
3001,D
3002,A
3003,F
3004,D
3005,B
3006,A
3007,C
3008,A
3009,F
3010,B
3011,A
3012,F
3013,C
3014,B
3015,E
3016,F
3017,A
3018,A
3019,A
3020,D
3021,F
3022,C
3023,F
3024,A
3025,A
3026,E
3027,B
3028,B
3029,A
3030,B
3031,E
3032,E
3033,B
3034,A
3035,F
3036,F
3037,B
3038,F
3039,B
3040,B
3041,C
3042,E
3043,F
3044,B
3045,A
3046,C
3047,B
3048,A
3049,B
3050,A
3051,D
3052,B
3053,F
3054,F
3055,A
3056,B
3057,F
3058,B
3059,F
3060,B
3061,F
3062,B
3063,B
3064,B
3065,E
3066,B
3067,B
3068,F
3069,F
3070,E
3071,A
3072,D
3073,A
3074,B
3075,A
3076,F
3077,D
3078,A
3079,A
3080,A
3081,C
3082,E
3083,B
3084,C
3085,D
3086,F
3087,B
3088,D
3089,C
3090,D
3091,F
3092,E
3093,A
3094,F
3095,C
3096,C
3097,C
3098,F
3099,E
3100,A
3101,C
3102,A
3103,B
3104,B
3105,B
3106,A
3107,F
3108,C
3109,B
3110,C
3111,F
3112,F
3113,E
3114,B
3115,B
3116,B
3117,F
3118,B
3119,B
3120,F
3121,D
3122,F
3123,B
3124,E
3125,B
3126,B
3127,F
3128,B
3129,B
3130,E
3131,B
3132,A
3133,C
3134,D
3135,B
3136,A
3137,B
3138,C
3139,B
3140,D
3141,B
3142,B
3143,F
3144,D
3145,C
3146,A
3147,C
3148,E
3149,A
3150,B
3151,A
3152,B
3153,B
3154,D
3155,B
3156,A
3157,F
3158,A
3159,B
3160,D
3161,B
3162,C
3163,F
3164,F
3165,F
3166,C
3167,F
3168,B
3169,A
3170,A
3171,B
3172,E
3173,E
3174,F
3175,C
3176,A
3177,A
3178,B
3179,B
3180,A
3181,F
3182,D
3183,D
3184,A
3185,F
3186,A
3187,E
3188,B
3189,A
3190,B
3191,E
3192,B
3193,E
3194,D
3195,A
3196,A
3197,B
3198,A
3199,F
3200,A
3201,F
3202,D
3203,C
3204,A
3205,B
3206,C
3207,F
3208,E
3209,B
3210,F
3211,F
3212,E
3213,D
3214,C
3215,D
3216,D
3217,D
3218,B
3219,A
3220,B
3221,B
3222,A
3223,F
3224,A
3225,E
3226,F
3227,F
3228,D
3229,B
3230,A
3231,F
3232,E
3233,F
3234,D
3235,D
3236,B
3237,D
3238,A
3239,F
3240,B
3241,F
3242,A
3243,A
3244,D
3245,C
3246,B
3247,F
3248,B
3249,B
3250,B
3251,E
3252,C
3253,A
3254,D
3255,A
3256,B
3257,B
3258,D
3259,A
3260,F
3261,C
3262,F
3263,B
3264,A
3265,A
3266,F
3267,F
3268,B
3269,A
3270,F
3271,A
3272,A
3273,A
3274,F
3275,F
3276,B
3277,A
3278,B
3279,F
3280,F
3281,A
3282,B
3283,A
3284,A
3285,D
3286,B
3287,B
3288,D
3289,B
3290,E
3291,A
3292,C
3293,E
3294,B
3295,F
3296,B
3297,E
3298,A
3299,A
3300,A
3301,B
3302,B
3303,A
3304,F
3305,B
3306,C
3307,A
3308,B
3309,B
3310,A
3311,F
3312,A
3313,F
3314,F
3315,F
3316,B
3317,F
3318,B
3319,A
3320,B
3321,E
3322,E
3323,B
3324,C
3325,A
3326,A
3327,A
3328,B
3329,A
3330,A
3331,B
3332,B
3333,B
3334,A
3335,D
3336,B
3337,A
3338,B
3339,E
3340,F
3341,B
3342,E
3343,E
3344,D
3345,A
3346,E
3347,C
3348,A
3349,A
3350,E
3351,F
3352,B
3353,D
3354,F
3355,F
3356,B
3357,F
3358,F
3359,A
3360,B
3361,A
3362,F
3363,C
3364,A
3365,D
3366,A
3367,A
3368,C
3369,B
3370,E
3371,A
3372,C
3373,E
3374,F
3375,B
3376,B
3377,F
3378,D
3379,C
3380,B
3381,F
3382,A
3383,B
3384,F
3385,C
3386,A
3387,A
3388,B
3389,D
3390,B
3391,C
3392,F
3393,B
3394,A
3395,A
3396,B
3397,D
3398,B
3399,A
3400,E
3401,F
3402,A
3403,A
3404,E
3405,E
3406,E
3407,D
3408,F
3409,D
3410,E
3411,B
3412,D
3413,C
3414,B
3415,F
3416,F
3417,A
3418,A
3419,B
3420,D
3421,C
3422,A
3423,F
3424,F
3425,C
3426,B
3427,C
3428,F
3429,A
3430,B
3431,B
3432,A
3433,F
3434,A
3435,B
3436,B
3437,A
3438,B
3439,A
3440,A
3441,A
3442,B
3443,B
3444,B
3445,B
3446,B
3447,A
3448,B
3449,A
3450,E
3451,C
3452,C
3453,F
3454,B
3455,E
3456,B
3457,B
3458,F
3459,F
3460,B
3461,C
3462,D
3463,A
3464,B
3465,B
3466,F
3467,B
3468,B
3469,F
3470,F
3471,F
3472,B
3473,B
3474,B
3475,A
3476,F
3477,D
3478,E
3479,A
3480,E
3481,A
3482,A
3483,E
3484,F
3485,B
3486,F
3487,D
3488,F
3489,B
3490,D
3491,A
3492,A
3493,F
3494,A
3495,D
3496,D
3497,F
3498,B
3499,A
3500,D
3501,C
3502,A
3503,B
3504,E
3505,A
3506,F
3507,D
3508,B
3509,B
3510,A
3511,F
3512,B
3513,F
3514,F
3515,F
3516,A
3517,B
3518,A
3519,A
3520,C
3521,B
3522,B
3523,A
3524,A
3525,B
3526,B
3527,C
3528,D
3529,C
3530,B
3531,B
3532,D
3533,B
3534,F
3535,B
3536,B
3537,E
3538,F
3539,A
3540,A
3541,F
3542,B
3543,B
3544,B
3545,E
3546,B
3547,B
3548,D
3549,A
3550,A
3551,B
3552,B
3553,A
3554,B
3555,B
3556,E
3557,C
3558,B
3559,A
3560,F
3561,F
3562,A
3563,A
3564,B
3565,F
3566,F
3567,E
3568,F
3569,F
3570,A
3571,F
3572,F
3573,B
3574,A
3575,D
3576,C
3577,F
3578,D
3579,B
3580,C
3581,F
3582,A
3583,C
3584,C
3585,A
3586,F
3587,B
3588,B
3589,E
3590,B
3591,E
3592,A
3593,E
3594,B
3595,E
3596,B
3597,B
3598,A
3599,D
3600,B
3601,C
3602,B
3603,A
3604,F
3605,F
3606,A
3607,D
3608,A
3609,A
3610,D
3611,B
3612,B
3613,B
3614,E
3615,F
3616,B
3617,F
3618,D
3619,B
3620,A
3621,F
3622,B
3623,B
3624,B
3625,F
3626,F
3627,C
3628,A
3629,E
3630,B
3631,A
3632,B
3633,C
3634,B
3635,B
3636,F
3637,A
3638,B
3639,F
3640,A
3641,A
3642,E
3643,F
3644,C
3645,B
3646,A
3647,B
3648,B
3649,F
3650,D
3651,B
3652,B
3653,B
3654,B
3655,B
3656,E
3657,B
3658,A
3659,D
3660,B
3661,E
3662,B
3663,A
3664,B
3665,A
3666,B
3667,B
3668,B
3669,B
3670,B
3671,A
3672,A
3673,C
3674,A
3675,D
3676,C
3677,A
3678,A
3679,E
3680,F
3681,D
3682,B
3683,A
3684,B
3685,D
3686,E
3687,D
3688,B
3689,E
3690,F
3691,B
3692,B
3693,E
3694,B
3695,F
3696,F
3697,B
3698,E
3699,E
3700,A
3701,A
3702,A
3703,B
3704,F
3705,F
3706,A
3707,F
3708,E
3709,B
3710,F
3711,E
3712,E
3713,F
3714,B
3715,A
3716,F
3717,A
3718,F
3719,A
3720,A
3721,B
3722,B
3723,F
3724,D
3725,D
3726,A
3727,A
3728,B
3729,B
3730,B
3731,B
3732,B
3733,E
3734,A
3735,B
3736,B
3737,E
3738,A
3739,E
3740,C
3741,F
3742,B
3743,C
3744,A
3745,F
3746,A
3747,C
3748,A
3749,B
3750,B
3751,A
3752,F
3753,F
3754,F
3755,E
3756,A
3757,B
3758,F
3759,B
3760,B
3761,C
3762,B
3763,A
3764,E
3765,B
3766,A
3767,B
3768,F
3769,F
3770,B
3771,F
3772,F
3773,A
3774,D
3775,D
3776,D
3777,A
3778,F
3779,B
3780,F
3781,B
3782,A
3783,A
3784,C
3785,B
3786,F
3787,E
3788,F
3789,F
3790,A
3791,B
3792,B
3793,E
3794,F
3795,A
3796,F
3797,F
3798,B
3799,B
3800,F
3801,B
3802,C
3803,A
3804,A
3805,B
3806,C
3807,A
3808,C
3809,A
3810,E
3811,A
3812,E
3813,C
3814,F
3815,F
3816,F
3817,B
3818,B
3819,B
3820,C
3821,D
3822,B
3823,F
3824,F
3825,E
3826,F
3827,B
3828,B
3829,F
3830,B
3831,E
3832,D
3833,B
3834,E
3835,A
3836,F
3837,F
3838,B
3839,B
3840,F
3841,C
3842,F
3843,F
3844,F
3845,F
3846,B
3847,C
3848,F
3849,B
3850,B
3851,E
3852,A
3853,C
3854,B
3855,B
3856,A
3857,B
3858,F
3859,F
3860,A
3861,D
3862,D
3863,C
3864,B
3865,C
3866,A
3867,A
3868,A
3869,E
3870,A
3871,B
3872,D
3873,B
3874,F
3875,C
3876,E
3877,C
3878,B
3879,E
3880,E
3881,A
3882,F
3883,B
3884,C
3885,F
3886,C
3887,E
3888,A
3889,A
3890,C
3891,B
3892,E
3893,A
3894,B
3895,F
3896,A
3897,E
3898,C
3899,A
3900,F
3901,C
3902,B
3903,F
3904,B
3905,C
3906,F
3907,F
3908,B
3909,E
3910,D
3911,E
3912,B
3913,E
3914,A
3915,F
3916,B
3917,B
3918,C
3919,E
3920,B
3921,B
3922,C
3923,C
3924,D
3925,B
3926,F
3927,F
3928,B
3929,D
3930,A
3931,F
3932,B
3933,F
3934,E
3935,B
3936,B
3937,A
3938,C
3939,A
3940,B
3941,E
3942,B
3943,B
3944,D
3945,B
3946,D
3947,F
3948,B
3949,B
3950,A
3951,C
3952,F
3953,F
3954,F
3955,E
3956,B
3957,A
3958,C
3959,A
3960,B
3961,B
3962,D
3963,C
3964,B
3965,A
3966,B
3967,F
3968,F
3969,D
3970,C
3971,B
3972,B
3973,B
3974,F
3975,B
3976,C
3977,E
3978,A
3979,A
3980,D
3981,F
3982,B
3983,A
3984,B
3985,B
3986,B
3987,D
3988,B
3989,B
3990,B
3991,F
3992,B
3993,B
3994,B
3995,B
3996,B
3997,B
3998,E
3999,B
4000,B
4001,D
4002,B
4003,C
4004,D
4005,A
4006,F
4007,B
4008,B
4009,A
4010,D
4011,D
4012,B
4013,B
4014,C
4015,C
4016,A
4017,F
4018,E
4019,B
4020,E
4021,A
4022,B
4023,A
4024,B
4025,C
4026,B
4027,A
4028,E
4029,C
4030,B
4031,F
4032,F
4033,B
4034,A
4035,B
4036,B
4037,E
4038,C
4039,A
4040,A
4041,F
4042,B
4043,A
4044,B
4045,B
4046,A
4047,B
4048,B
4049,B
4050,D
4051,E
4052,B
4053,A
4054,E
4055,D
4056,A
4057,B
4058,B
4059,F
4060,B
4061,B
4062,B
4063,B
4064,E
4065,B
4066,B
4067,B
4068,A
4069,F
4070,F
4071,E
4072,B
4073,F
4074,A
4075,F
4076,E
4077,F
4078,F
4079,A
4080,C
4081,A
4082,A
4083,E
4084,F
4085,A
4086,D
4087,A
4088,B
4089,A
4090,F
4091,B
4092,B
4093,A
4094,F
4095,B
4096,A
4097,E
4098,B
4099,F
4100,D
4101,B
4102,B
4103,D
4104,B
4105,C
4106,C
4107,A
4108,B
4109,B
4110,F
4111,F
4112,E
4113,F
4114,B
4115,B
4116,C
4117,F
4118,B
4119,E
4120,F
4121,E
4122,C
4123,C
4124,D
4125,F
4126,B
4127,E
4128,A
4129,E
4130,B
4131,F
4132,E
4133,F
4134,C
4135,B
4136,E
4137,A
4138,A
4139,A
4140,E
4141,B
4142,F
4143,B
4144,B
4145,E
4146,F
4147,B
4148,A
4149,D
4150,B
4151,A
4152,B
4153,A
4154,F
4155,C
4156,B
4157,C
4158,B
4159,A
4160,F
4161,D
4162,E
4163,B
4164,B
4165,E
4166,E
4167,F
4168,A
4169,B
4170,B
4171,E
4172,B
4173,A
4174,F
4175,E
4176,E
4177,B
4178,F
4179,D
4180,F
4181,F
4182,F
4183,E
4184,D
4185,D
4186,E
4187,C
4188,B
4189,D
4190,D
4191,F
4192,A
4193,F
4194,F
4195,F
4196,F
4197,A
4198,F
4199,E
4200,B
4201,A
4202,A
4203,B
4204,A
4205,D
4206,E
4207,E
4208,C
4209,B
4210,C
4211,A
4212,D
4213,D
4214,F
4215,B
4216,B
4217,E
4218,E
4219,E
4220,F
4221,C
4222,F
4223,F
4224,F
4225,A
4226,A
4227,C
4228,D
4229,B
4230,B
4231,B
4232,A
4233,A
4234,A
4235,A
4236,A
4237,D
4238,D
4239,E
4240,A
4241,B
4242,D
4243,B
4244,C
4245,D
4246,D
4247,B
4248,B
4249,A
4250,B
4251,A
4252,B
4253,F
4254,B
4255,A
4256,E
4257,B
4258,B
4259,B
4260,F
4261,B
4262,E
4263,F
4264,B
4265,A
4266,A
4267,B
4268,F
4269,B
4270,E
4271,C
4272,F
4273,B
4274,F
4275,F
4276,F
4277,E
4278,D
4279,A
4280,F
4281,A
4282,A
4283,B
4284,A
4285,C
4286,B
4287,B
4288,A
4289,F
4290,D
4291,F
4292,B
4293,B
4294,F
4295,D
4296,F
4297,A
4298,C
4299,B
4300,B
4301,E
4302,B
4303,D
4304,C
4305,E
4306,B
4307,A
4308,E
4309,A
4310,A
4311,B
4312,A
4313,B
4314,A
4315,C
4316,B
4317,D
4318,A
4319,B
4320,B
4321,F
4322,A
4323,B
4324,F
4325,A
4326,A
4327,B
4328,A
4329,B
4330,D
4331,F
4332,E
4333,A
4334,B
4335,E
4336,F
4337,D
4338,B
4339,B
4340,E
4341,A
4342,F
4343,F
4344,B
4345,B
4346,B
4347,A
4348,B
4349,B
4350,F
4351,B
4352,F
4353,D
4354,A
4355,F
4356,F
4357,C
4358,F
4359,A
4360,B
4361,B
4362,F
4363,B
4364,C
4365,E
4366,F
4367,D
4368,C
4369,A
4370,D
4371,C
4372,F
4373,B
4374,B
4375,F
4376,F
4377,B
4378,E
4379,D
4380,F
4381,B
4382,B
4383,F
4384,B
4385,F
4386,A
4387,F
4388,B
4389,B
4390,B
4391,B
4392,C
4393,B
4394,C
4395,B
4396,C
4397,C
4398,B
4399,F
4400,B
4401,F
4402,F
4403,F
4404,B
4405,B
4406,E
4407,E
4408,E
4409,A
4410,E
4411,F
4412,F
4413,A
4414,B
4415,A
4416,F
4417,A
4418,D
4419,F
4420,B
4421,C
4422,F
4423,B
4424,B
4425,A
4426,A
4427,C
4428,B
4429,B
4430,A
4431,A
4432,B
4433,B
4434,B
4435,F
4436,F
4437,A
4438,C
4439,E
4440,F
4441,C
4442,A
4443,B
4444,A
4445,B
4446,D
4447,C
4448,D
4449,D
4450,C
4451,E
4452,B
4453,F
4454,F
4455,A
4456,F
4457,B
4458,D
4459,F
4460,B
4461,B
4462,B
4463,B
4464,B
4465,B
4466,D
4467,B
4468,A
4469,C
4470,F
4471,E
4472,B
4473,B
4474,D
4475,F
4476,F
4477,E
4478,E
4479,B
4480,C
4481,C
4482,E
4483,A
4484,E
4485,B
4486,E
4487,A
4488,D
4489,E
4490,B
4491,B
4492,F
4493,B
4494,E
4495,F
4496,B
4497,C
4498,E
4499,C
4500,C
4501,A
4502,A
4503,F
4504,B
4505,F
4506,F
4507,B
4508,F
4509,C
4510,A
4511,A
4512,E
4513,A
4514,B
4515,C
4516,A
4517,A
4518,E
4519,B
4520,A
4521,D
4522,B
4523,B
4524,B
4525,A
4526,C
4527,F
4528,D
4529,A
4530,E
4531,F
4532,C
4533,F
4534,A
4535,B
4536,F
4537,F
4538,F
4539,A
4540,A
4541,C
4542,F
4543,C
4544,B
4545,B
4546,A
4547,D
4548,B
4549,D
4550,F
4551,F
4552,A
4553,A
4554,B
4555,A
4556,B
4557,B
4558,B
4559,A
4560,E
4561,B
4562,D
4563,E
4564,E
4565,B
4566,F
4567,F
4568,E
4569,E
4570,B
4571,C
4572,A
4573,B
4574,D
4575,C
4576,F
4577,B
4578,C
4579,B
4580,F
4581,B
4582,E
4583,A
4584,B
4585,A
4586,E
4587,B
4588,E
4589,B
4590,A
4591,F
4592,B
4593,B
4594,E
4595,E
4596,D
4597,C
4598,C
4599,F
4600,F
4601,B
4602,F
4603,C
4604,B
4605,F
4606,C
4607,A
4608,A
4609,F
4610,A
4611,C
4612,C
4613,F
4614,A
4615,E
4616,A
4617,F
4618,C
4619,E
4620,F
4621,A
4622,B
4623,C
4624,F
4625,C
4626,D
4627,F
4628,F
4629,B
4630,F
4631,B
4632,B
4633,C
4634,B
4635,F
4636,B
4637,B
4638,B
4639,D
4640,C
4641,F
4642,A
4643,B
4644,B
4645,F
4646,F
4647,A
4648,B
4649,F
4650,C
4651,E
4652,A
4653,E
4654,D
4655,D
4656,F
4657,A
4658,B
4659,B
4660,C
4661,F
4662,A
4663,B
4664,A
4665,A
4666,A
4667,B
4668,F
4669,A
4670,D
4671,D
4672,B
4673,A
4674,B
4675,B
4676,E
4677,D
4678,F
4679,D
4680,F
4681,B
4682,B
4683,A
4684,F
4685,B
4686,F
4687,F
4688,E
4689,B
4690,B
4691,B
4692,B
4693,C
4694,E
4695,F
4696,A
4697,D
4698,A
4699,B
4700,F
4701,E
4702,A
4703,A
4704,A
4705,A
4706,E
4707,B
4708,B
4709,F
4710,F
4711,F
4712,B
4713,B
4714,B
4715,B
4716,A
4717,C
4718,F
4719,D
4720,C
4721,B
4722,F
4723,D
4724,A
4725,F
4726,C
4727,F
4728,F
4729,B
4730,F
4731,C
4732,E
4733,B
4734,D
4735,F
4736,A
4737,C
4738,A
4739,F
4740,F
4741,B
4742,F
4743,A
4744,E
4745,B
4746,B
4747,F
4748,C
4749,B
4750,B
4751,B
4752,E
4753,D
4754,A
4755,F
4756,B
4757,E
4758,B
4759,D
4760,B
4761,A
4762,A
4763,D
4764,B
4765,F
4766,F
4767,B
4768,A
4769,D
4770,D
4771,A
4772,D
4773,F
4774,B
4775,F
4776,B
4777,F
4778,F
4779,F
4780,B
4781,B
4782,A
4783,B
4784,A
4785,B
4786,B
4787,E
4788,F
4789,B
4790,D
4791,E
4792,B
4793,A
4794,B
4795,E
4796,F
4797,B
4798,B
4799,B
4800,C
4801,E
4802,B
4803,B
4804,B
4805,D
4806,B
4807,D
4808,B
4809,A
4810,D
4811,F
4812,B
4813,C
4814,A
4815,D
4816,A
4817,F
4818,B
4819,F
4820,B
4821,B
4822,F
4823,F
4824,F
4825,F
4826,F
4827,C
4828,B
4829,B
4830,A
4831,F
4832,D
4833,B
4834,F
4835,A
4836,C
4837,F
4838,A
4839,B
4840,B
4841,A
4842,C
4843,F
4844,C
4845,C
4846,B
4847,E
4848,A
4849,B
4850,F
4851,B
4852,B
4853,B
4854,C
4855,F
4856,F
4857,B
4858,D
4859,B
4860,F
4861,D
4862,D
4863,A
4864,B
4865,A
4866,A
4867,A
4868,C
4869,A
4870,D
4871,B
4872,C
4873,A
4874,A
4875,A
4876,F
4877,A
4878,A
4879,B
4880,C
4881,E
4882,A
4883,D
4884,F
4885,A
4886,A
4887,C
4888,A
4889,B
4890,C
4891,E
4892,B
4893,D
4894,B
4895,C
4896,F
4897,A
4898,B
4899,B
4900,A
4901,C
4902,C
4903,D
4904,B
4905,E
4906,F
4907,F
4908,D
4909,B
4910,D
4911,B
4912,B
4913,E
4914,A
4915,B
4916,A
4917,E
4918,A
4919,B
4920,A
4921,B
4922,C
4923,D
4924,F
4925,C
4926,E
4927,B
4928,B
4929,B
4930,F
4931,B
4932,B
4933,A
4934,A
4935,C
4936,B
4937,E
4938,C
4939,B
4940,A
4941,A
4942,B
4943,E
4944,A
4945,E
4946,B
4947,D
4948,A
4949,A
4950,A
4951,B
4952,C
4953,D
4954,B
4955,B
4956,A
4957,D
4958,A
4959,B
4960,F
4961,A
4962,A
4963,C
4964,D
4965,F
4966,C
4967,D
4968,F
4969,C
4970,F
4971,A
4972,C
4973,F
4974,D
4975,F
4976,B
4977,A
4978,E
4979,C
4980,A
4981,E
4982,C
4983,B
4984,C
4985,C
4986,D
4987,D
4988,F
4989,A
4990,F
4991,F
4992,F
4993,D
4994,D
4995,D
4996,B
4997,F
4998,A
4999,B
5000,F
5001,F
5002,B
5003,D
5004,E
5005,B
5006,C
5007,B
5008,C
5009,F
5010,A
5011,C
5012,F
5013,B
5014,E
5015,F
5016,B
5017,B
5018,C
5019,B
5020,B
5021,E
5022,A
5023,B
5024,D
5025,F
5026,C
5027,D
5028,C
5029,F
5030,B
5031,A
5032,F
5033,C
5034,D
5035,F
5036,D
5037,A
5038,A
5039,A
5040,F
5041,F
5042,F
5043,F
5044,A
5045,F
5046,A
5047,C
5048,F
5049,B
5050,A
5051,D
5052,D
5053,C
5054,F
5055,F
5056,A
5057,C
5058,F
5059,B
5060,B
5061,A
5062,B
5063,B
5064,E
5065,C
5066,E
5067,E
5068,E
5069,C
5070,F
5071,D
5072,F
5073,C
5074,B
5075,F
5076,B
5077,B
5078,D
5079,A
5080,E
5081,F
5082,B
5083,B
5084,F
5085,D
5086,B
5087,B
5088,B
5089,A
5090,B
5091,C
5092,B
5093,A
5094,B
5095,D
5096,F
5097,F
5098,A
5099,E
5100,F
5101,F
5102,C
5103,D
5104,B
5105,B
5106,B
5107,B
5108,C
5109,E
5110,B
5111,F
5112,B
5113,B
5114,E
5115,A
5116,B
5117,F
5118,E
5119,B
5120,B
5121,E
5122,F
5123,B
5124,E
5125,E
5126,D
5127,B
5128,A
5129,D
5130,C
5131,A
5132,A
5133,B
5134,F
5135,E
5136,A
5137,B
5138,A
5139,A
5140,B
5141,F
5142,B
5143,E
5144,B
5145,A
5146,A
5147,F
5148,B
5149,B
5150,A
5151,A
5152,E
5153,A
5154,B
5155,E
5156,B
5157,A
5158,A
5159,C
5160,B
5161,B
5162,F
5163,A
5164,B
5165,A
5166,D
5167,B
5168,E
5169,B
5170,F
5171,E
5172,B
5173,B
5174,B
5175,F
5176,C
5177,B
5178,F
5179,F
5180,F
5181,A
5182,B
5183,A
5184,B
5185,A
5186,C
5187,B
5188,B
5189,B
5190,F
5191,B
5192,E
5193,A
5194,B
5195,C
5196,C
5197,B
5198,B
5199,F
5200,B
5201,A
5202,A
5203,F
5204,B
5205,D
5206,B
5207,C
5208,B
5209,A
5210,A
5211,F
5212,B
5213,A
5214,B
5215,B
5216,A
5217,F
5218,A
5219,F
5220,A
5221,B
5222,A
5223,B
5224,E
5225,A
5226,E
5227,E
5228,A
5229,C
5230,A
5231,C
5232,D
5233,B
5234,E
5235,A
5236,B
5237,B
5238,F
5239,E
5240,A
5241,A
5242,E
5243,A
5244,B
5245,B
5246,B
5247,B
5248,A
5249,D
5250,B
5251,A
5252,B
5253,B
5254,A
5255,A
5256,B
5257,B
5258,D
5259,F
5260,A
5261,F
5262,B
5263,B
5264,E
5265,C
5266,B
5267,F
5268,F
5269,F
5270,F
5271,F
5272,B
5273,B
5274,B
5275,E
5276,F
5277,B
5278,A
5279,A
5280,A
5281,B
5282,D
5283,A
5284,B
5285,B
5286,C
5287,F
5288,D
5289,C
5290,F
5291,F
5292,A
5293,F
5294,B
5295,B
5296,F
5297,B
5298,C
5299,B
5300,B
5301,B
5302,C
5303,A
5304,C
5305,F
5306,E
5307,F
5308,C
5309,A
5310,F
5311,D
5312,F
5313,B
5314,A
5315,F
5316,B
5317,C
5318,B
5319,A
5320,A
5321,E
5322,F
5323,A
5324,D
5325,C
5326,B
5327,E
5328,E
5329,A
5330,E
5331,F
5332,E
5333,B
5334,F
5335,B
5336,B
5337,F
5338,D
5339,B
5340,F
5341,E
5342,F
5343,F
5344,F
5345,A
5346,F
5347,B
5348,F
5349,A
5350,B
5351,D
5352,B
5353,C
5354,B
5355,B
5356,D
5357,C
5358,A
5359,A
5360,B
5361,D
5362,D
5363,B
5364,F
5365,B
5366,F
5367,D
5368,F
5369,F
5370,B
5371,B
5372,F
5373,A
5374,A
5375,A
5376,F
5377,B
5378,B
5379,D
5380,A
5381,D
5382,F
5383,E
5384,B
5385,C
5386,C
5387,F
5388,E
5389,A
5390,C
5391,D
5392,C
5393,C
5394,B
5395,D
5396,D
5397,D
5398,B
5399,F
5400,F
5401,F
5402,B
5403,B
5404,F
5405,B
5406,F
5407,D
5408,F
5409,F
5410,E
5411,B
5412,F
5413,B
5414,F
5415,D
5416,C
5417,A
5418,A
5419,B
5420,B
5421,D
5422,B
5423,B
5424,F
5425,C
5426,C
5427,F
5428,F
5429,A
5430,B
5431,A
5432,B
5433,C
5434,B
5435,E
5436,B
5437,F
5438,A
5439,D
5440,E
5441,E
5442,B
5443,B
5444,A
5445,D
5446,D
5447,A
5448,A
5449,F
5450,F
5451,B
5452,B
5453,D
5454,F
5455,A
5456,B
5457,E
5458,B
5459,E
5460,B
5461,B
5462,E
5463,B
5464,B
5465,B
5466,C
5467,C
5468,F
5469,A
5470,B
5471,E
5472,F
5473,A
5474,A
5475,B
5476,E
5477,E
5478,C
5479,B
5480,A
5481,F
5482,C
5483,E
5484,A
5485,E
5486,E
5487,F
5488,E
5489,A
5490,B
5491,C
5492,F
5493,B
5494,B
5495,B
5496,A
5497,F
5498,D
5499,E
5500,B
5501,B
5502,A
5503,B
5504,F
5505,D
5506,D
5507,E
5508,B
5509,B
5510,C
5511,E
5512,B
5513,A
5514,F
5515,E
5516,C
5517,D
5518,F
5519,F
5520,E
5521,A
5522,C
5523,A
5524,D
5525,D
5526,D
5527,A
5528,C
5529,F
5530,F
5531,F
5532,B
5533,F
5534,D
5535,B
5536,C
5537,B
5538,F
5539,C
5540,B
5541,A
5542,D
5543,A
5544,B
5545,A
5546,B
5547,F
5548,F
5549,A
5550,E
5551,B
5552,B
5553,D
5554,B
5555,A
5556,E
5557,E
5558,A
5559,F
5560,E
5561,F
5562,A
5563,D
5564,F
5565,C
5566,A
5567,B
5568,E
5569,A
5570,F
5571,F
5572,F
5573,E
5574,B
5575,A
5576,B
5577,C
5578,B
5579,F
5580,F
5581,B
5582,D
5583,C
5584,F
5585,C
5586,F
5587,B
5588,F
5589,B
5590,B
5591,E
5592,E
5593,A
5594,F
5595,D
5596,A
5597,F
5598,B
5599,F
5600,F
5601,A
5602,B
5603,B
5604,B
5605,A
5606,A
5607,C
5608,B
5609,F
5610,A
5611,A
5612,F
5613,E
5614,B
5615,A
5616,E
5617,D
5618,B
5619,D
5620,F
5621,C
5622,E
5623,B
5624,B
5625,F
5626,F
5627,F
5628,B
5629,A
5630,F
5631,F
5632,C
5633,A
5634,B
5635,B
5636,B
5637,A
5638,A
5639,F
5640,B
5641,C
5642,F
5643,C
5644,F
5645,F
5646,F
5647,B
5648,F
5649,F
5650,F
5651,F
5652,C
5653,F
5654,B
5655,B
5656,B
5657,B
5658,E
5659,A
5660,B
5661,B
5662,D
5663,E
5664,E
5665,F
5666,C
5667,C
5668,B
5669,F
5670,B
5671,E
5672,D
5673,B
5674,C
5675,C
5676,E
5677,B
5678,F
5679,D
5680,C
5681,D
5682,A
5683,F
5684,D
5685,B
5686,A
5687,A
5688,B
5689,F
5690,F
5691,E
5692,F
5693,F
5694,B
5695,E
5696,B
5697,B
5698,F
5699,F
5700,B
5701,E
5702,B
5703,B
5704,A
5705,A
5706,A
5707,B
5708,E
5709,C
5710,D
5711,F
5712,A
5713,A
5714,D
5715,B
5716,E
5717,A
5718,A
5719,C
5720,B
5721,D
5722,B
5723,A
5724,E
5725,B
5726,F
5727,E
5728,F
5729,F
5730,B
5731,B
5732,A
5733,A
5734,B
5735,A
5736,D
5737,D
5738,D
5739,A
5740,B
5741,C
5742,F
5743,E
5744,B
5745,C
5746,A
5747,A
5748,D
5749,A
5750,E
5751,C
5752,C
5753,B
5754,E
5755,B
5756,C
5757,F
5758,A
5759,E
5760,C
5761,B
5762,A
5763,C
5764,C
5765,B
5766,A
5767,C
5768,E
5769,C
5770,F
5771,A
5772,F
5773,A
5774,F
5775,E
5776,A
5777,F
5778,E
5779,A
5780,E
5781,C
5782,E
5783,B
5784,E
5785,F
5786,A
5787,A
5788,B
5789,D
5790,B
5791,B
5792,A
5793,D
5794,C
5795,F
5796,F
5797,D
5798,B
5799,A
5800,A
5801,A
5802,F
5803,A
5804,D
5805,A
5806,F
5807,A
5808,E
5809,F
5810,B
5811,D
5812,B
5813,B
5814,C
5815,A
5816,F
5817,F
5818,B
5819,D
5820,B
5821,B
5822,F
5823,B
5824,E
5825,F
5826,F
5827,C
5828,F
5829,B
5830,A
5831,B
5832,A
5833,F
5834,C
5835,F
5836,A
5837,E
5838,C
5839,A
5840,B
5841,F
5842,D
5843,C
5844,F
5845,B
5846,F
5847,F
5848,A
5849,F
5850,E
5851,B
5852,D
5853,F
5854,C
5855,C
5856,F
5857,E
5858,D
5859,B
5860,F
5861,E
5862,B
5863,C
5864,D
5865,A
5866,D
5867,B
5868,C
5869,E
5870,C
5871,D
5872,C
5873,B
5874,E
5875,A
5876,A
5877,E
5878,C
5879,B
5880,F
5881,F
5882,D
5883,A
5884,B
5885,B
5886,A
5887,A
5888,B
5889,A
5890,A
5891,F
5892,B
5893,C
5894,D
5895,A
5896,C
5897,F
5898,A
5899,A
5900,B
5901,F
5902,C
5903,E
5904,C
5905,B
5906,B
5907,E
5908,B
5909,B
5910,E
5911,B
5912,B
5913,D
5914,A
5915,B
5916,A
5917,F
5918,E
5919,F
5920,C
5921,B
5922,B
5923,F
5924,B
5925,F
5926,B
5927,B
5928,B
5929,B
5930,A
5931,C
5932,B
5933,F
5934,D
5935,A
5936,D
5937,E
5938,B
5939,B
5940,A
5941,B
5942,B
5943,C
5944,B
5945,F
5946,D
5947,F
5948,B
5949,D
5950,F
5951,B
5952,F
5953,B
5954,F
5955,A
5956,F
5957,F
5958,E
5959,E
5960,D
5961,E
5962,A
5963,A
5964,A
5965,B
5966,F
5967,F
5968,F
5969,B
5970,A
5971,F
5972,F
5973,E
5974,B
5975,B
5976,E
5977,E
5978,F
5979,B
5980,C
5981,B
5982,C
5983,A
5984,E
5985,B
5986,A
5987,C
5988,B
5989,F
5990,B
5991,B
5992,B
5993,B
5994,C
5995,A
5996,A
5997,F
5998,E
5999,F
6000,A
6001,F
6002,A
6003,C
6004,B
6005,C
6006,F
6007,C
6008,F
6009,F
6010,E
6011,E
6012,A
6013,C
6014,A
6015,D
6016,D
6017,A
6018,F
6019,A
6020,C
6021,A
6022,B
6023,E
6024,C
6025,B
6026,E
6027,D
6028,D
6029,B
6030,D
6031,E
6032,F
6033,B
6034,B
6035,B
6036,B
6037,A
6038,B
6039,A
6040,B
6041,D
6042,B
6043,B
6044,D
6045,F
6046,D
6047,A
6048,A
6049,B
6050,F
6051,A
6052,F
6053,A
6054,B
6055,B
6056,B
6057,F
6058,B
6059,E
6060,F
6061,F
6062,F
6063,C
6064,B
6065,F
6066,F
6067,A
6068,F
6069,B
6070,F
6071,D
6072,A
6073,B
6074,B
6075,B
6076,C
6077,E
6078,A
6079,B
6080,F
6081,B
6082,F
6083,E
6084,D
6085,D
6086,A
6087,A
6088,A
6089,D
6090,E
6091,A
6092,B
6093,E
6094,F
6095,A
6096,F
6097,C
6098,D
6099,A
6100,F
6101,B
6102,B
6103,D
6104,F
6105,F
6106,B
6107,B
6108,B
6109,B
6110,B
6111,B
6112,B
6113,F
6114,F
6115,F
6116,B
6117,B
6118,B
6119,E
6120,A
6121,B
6122,C
6123,E
6124,A
6125,B
6126,B
6127,F
6128,E
6129,A
6130,F
6131,E
6132,B
6133,A
6134,B
6135,B
6136,B
6137,A
6138,F
6139,F
6140,B
6141,E
6142,A
6143,A
6144,A
6145,F
6146,F
6147,B
6148,B
6149,F
6150,F
6151,F
6152,B
6153,F
6154,B
6155,F
6156,E
6157,D
6158,F
6159,B
6160,B
6161,F
6162,A
6163,F
6164,B
6165,B
6166,E
6167,E
6168,B
6169,B
6170,F
6171,F
6172,D
6173,F
6174,C
6175,F
6176,B
6177,B
6178,A
6179,E
6180,B
6181,E
6182,B
6183,C
6184,F
6185,F
6186,F
6187,A
6188,C
6189,B
6190,F
6191,C
6192,B
6193,F
6194,F
6195,A
6196,A
6197,A
6198,C
6199,F
6200,B
6201,C
6202,B
6203,E
6204,B
6205,F
6206,A
6207,E
6208,D
6209,A
6210,F
6211,B
6212,B
6213,A
6214,E
6215,E
6216,B
6217,B
6218,D
6219,C
6220,C
6221,D
6222,B
6223,A
6224,B
6225,A
6226,B
6227,B
6228,A
6229,F
6230,B
6231,A
6232,C
6233,B
6234,B
6235,B
6236,F
6237,F
6238,C
6239,E
6240,F
6241,B
6242,E
6243,E
6244,B
6245,A
6246,F
6247,D
6248,B
6249,D
6250,A
6251,B
6252,A
6253,B
6254,B
6255,F
6256,B
6257,B
6258,F
6259,B
6260,C
6261,F
6262,B
6263,A
6264,A
6265,E
6266,B
6267,B
6268,B
6269,F
6270,D
6271,B
6272,D
6273,B
6274,A
6275,E
6276,A
6277,B
6278,F
6279,F
6280,B
6281,F
6282,C
6283,F
6284,B
6285,F
6286,B
6287,B
6288,B
6289,E
6290,B
6291,B
6292,D
6293,F
6294,E
6295,A
6296,F
6297,C
6298,D
6299,A
6300,D
6301,A
6302,C
6303,C
6304,D
6305,F
6306,B
6307,B
6308,B
6309,B
6310,B
6311,F
6312,F
6313,B
6314,B
6315,C
6316,D
6317,D
6318,B
6319,C
6320,D
6321,C
6322,A
6323,A
6324,A
6325,B
6326,F
6327,B
6328,B
6329,D
6330,B
6331,A
6332,B
6333,B
6334,A
6335,D
6336,B
6337,A
6338,A
6339,A
6340,D
6341,B
6342,B
6343,B
6344,E
6345,A
6346,B
6347,C
6348,A
6349,B
6350,E
6351,F
6352,C
6353,D
6354,A
6355,B
6356,A
6357,B
6358,F
6359,F
6360,B
6361,B
6362,F
6363,B
6364,E
6365,C
6366,F
6367,A
6368,B
6369,F
6370,A
6371,A
6372,B
6373,E
6374,F
6375,F
6376,F
6377,E
6378,D
6379,D
6380,F
6381,A
6382,E
6383,D
6384,F
6385,C
6386,F
6387,F
6388,B
6389,A
6390,A
6391,A
6392,B
6393,C
6394,F
6395,B
6396,B
6397,A
6398,F
6399,B
6400,B
6401,B
6402,D
6403,B
6404,B
6405,F
6406,B
6407,B
6408,F
6409,B
6410,F
6411,A
6412,A
6413,D
6414,B
6415,B
6416,B
6417,A
6418,E
6419,B
6420,C
6421,B
6422,A
6423,D
6424,A
6425,B
6426,A
6427,E
6428,B
6429,A
6430,B
6431,F
6432,D
6433,F
6434,B
6435,A
6436,F
6437,F
6438,D
6439,B
6440,C
6441,A
6442,B
6443,B
6444,B
6445,F
6446,D
6447,A
6448,B
6449,B
6450,D
6451,A
6452,F
6453,A
6454,B
6455,A
6456,B
6457,E
6458,E
6459,A
6460,F
6461,B
6462,A
6463,D
6464,D
6465,A
6466,F
6467,B
6468,F
6469,E
6470,C
6471,B
6472,E
6473,D
6474,D
6475,F
6476,B
6477,A
6478,A
6479,B
6480,A
6481,C
6482,A
6483,F
6484,F
6485,A
6486,F
6487,E
6488,B
6489,D
6490,B
6491,F
6492,A
6493,A
6494,D
6495,A
6496,F
6497,A
6498,F
6499,F
6500,F
6501,A
6502,C
6503,A
6504,A
6505,F
6506,D
6507,B
6508,F
6509,F
6510,B
6511,A
6512,B
6513,B
6514,C
6515,D
6516,E
6517,F
6518,F
6519,C
6520,B
6521,D
6522,C
6523,C
6524,F
6525,F
6526,B
6527,A
6528,A
6529,D
6530,B
6531,F
6532,D
6533,C
6534,B
6535,F
6536,F
6537,B
6538,B
6539,F
6540,F
6541,B
6542,E
6543,F
6544,E
6545,A
6546,C
6547,B
6548,A
6549,E
6550,A
6551,A
6552,C
6553,B
6554,C
6555,B
6556,B
6557,F
6558,B
6559,B
6560,F
6561,A
6562,F
6563,E
6564,D
6565,B
6566,C
6567,A
6568,F
6569,F
6570,B
6571,F
6572,D
6573,C
6574,E
6575,F
6576,B
6577,B
6578,F
6579,F
6580,A
6581,B
6582,A
6583,F
6584,A
6585,B
6586,C
6587,D
6588,B
6589,C
6590,B
6591,C
6592,A
6593,E
6594,A
6595,B
6596,D
6597,D
6598,F
6599,F
6600,F
6601,F
6602,F
6603,B
6604,A
6605,B
6606,D
6607,B
6608,A
6609,B
6610,A
6611,B
6612,B
6613,F
6614,E
6615,B
6616,A
6617,A
6618,A
6619,B
6620,A
6621,A
6622,E
6623,B
6624,B
6625,B
6626,F
6627,A
6628,B
6629,E
6630,B
6631,B
6632,A
6633,F
6634,C
6635,E
6636,B
6637,A
6638,D
6639,D
6640,B
6641,A
6642,D
6643,B
6644,A
6645,E
6646,C
6647,A
6648,C
6649,F
6650,F
6651,C
6652,A
6653,F
6654,B
6655,D
6656,B
6657,E
6658,B
6659,A
6660,F
6661,F
6662,A
6663,B
6664,B
6665,B
6666,F
6667,C
6668,B
6669,F
6670,A
6671,B
6672,F
6673,C
6674,E
6675,E
6676,B
6677,E
6678,B
6679,D
6680,C
6681,B
6682,B
6683,F
6684,F
6685,A
6686,B
6687,B
6688,D
6689,F
6690,B
6691,B
6692,F
6693,A
6694,D
6695,F
6696,D
6697,F
6698,F
6699,D
6700,D
6701,A
6702,C
6703,B
6704,F
6705,F
6706,F
6707,D
6708,B
6709,B
6710,F
6711,B
6712,F
6713,A
6714,E
6715,F
6716,D
6717,B
6718,E
6719,A
6720,E
6721,D
6722,B
6723,B
6724,C
6725,B
6726,F
6727,D
6728,F
6729,C
6730,C
6731,C
6732,A
6733,E
6734,B
6735,F
6736,D
6737,E
6738,A
6739,B
6740,A
6741,B
6742,B
6743,F
6744,A
6745,B
6746,B
6747,F
6748,C
6749,C
6750,F
6751,F
6752,B
6753,E
6754,B
6755,D
6756,C
6757,B
6758,B
6759,B
6760,A
6761,B
6762,A
6763,F
6764,B
6765,F
6766,C
6767,A
6768,F
6769,C
6770,B
6771,A
6772,F
6773,E
6774,F
6775,C
6776,A
6777,F
6778,C
6779,D
6780,B
6781,A
6782,F
6783,B
6784,A
6785,C
6786,B
6787,B
6788,B
6789,B
6790,B
6791,B
6792,F
6793,B
6794,F
6795,B
6796,A
6797,B
6798,A
6799,F
6800,F
6801,B
6802,F
6803,F
6804,E
6805,B
6806,F
6807,F
6808,B
6809,C
6810,C
6811,A
6812,B
6813,E
6814,D
6815,A
6816,E
6817,B
6818,E
6819,C
6820,B
6821,F
6822,B
6823,F
6824,B
6825,F
6826,B
6827,F
6828,A
6829,F
6830,A
6831,A
6832,E
6833,D
6834,B
6835,B
6836,C
6837,F
6838,B
6839,B
6840,A
6841,C
6842,E
6843,C
6844,A
6845,B
6846,F
6847,B
6848,C
6849,D
6850,F
6851,A
6852,E
6853,D
6854,F
6855,B
6856,B
6857,F
6858,D
6859,B
6860,A
6861,A
6862,B
6863,B
6864,B
6865,C
6866,C
6867,B
6868,D
6869,D
6870,A
6871,C
6872,A
6873,E
6874,B
6875,E
6876,B
6877,A
6878,E
6879,B
6880,B
6881,F
6882,B
6883,B
6884,B
6885,C
6886,B
6887,C
6888,F
6889,A
6890,E
6891,A
6892,A
6893,C
6894,F
6895,B
6896,B
6897,A
6898,F
6899,A
6900,C
6901,F
6902,A
6903,B
6904,A
6905,B
6906,F
6907,F
6908,A
6909,A
6910,D
6911,B
6912,B
6913,F
6914,B
6915,A
6916,B
6917,F
6918,E
6919,F
6920,F
6921,C
6922,E
6923,A
6924,B
6925,D
6926,B
6927,A
6928,A
6929,D
6930,B
6931,B
6932,B
6933,C
6934,D
6935,F
6936,B
6937,F
6938,A
6939,A
6940,A
6941,F
6942,B
6943,B
6944,D
6945,A
6946,D
6947,D
6948,B
6949,F
6950,E
6951,A
6952,D
6953,F
6954,A
6955,B
6956,A
6957,B
6958,C
6959,C
6960,F
6961,A
6962,B
6963,E
6964,F
6965,C
6966,C
6967,B
6968,A
6969,B
6970,A
6971,A
6972,A
6973,B
6974,A
6975,A
6976,B
6977,B
6978,B
6979,E
6980,D
6981,C
6982,C
6983,E
6984,B
6985,F
6986,A
6987,E
6988,A
6989,E
6990,E
6991,C
6992,F
6993,A
6994,D
6995,E
6996,D
6997,E
6998,E
6999,B
7000,B
7001,E
7002,B
7003,E
7004,A
7005,E
7006,A
7007,E
7008,F
7009,B
7010,B
7011,B
7012,E
7013,E
7014,F
7015,A
7016,B
7017,B
7018,D
7019,B
7020,A
7021,F
7022,A
7023,B
7024,B
7025,A
7026,B
7027,B
7028,A
7029,B
7030,F
7031,F
7032,E
7033,A
7034,A
7035,E
7036,B
7037,D
7038,A
7039,C
7040,C
7041,B
7042,E
7043,E
7044,E
7045,B
7046,F
7047,B
7048,C
7049,A
7050,A
7051,A
7052,F
7053,C
7054,B
7055,F
7056,F
7057,A
7058,A
7059,F
7060,F
7061,A
7062,C
7063,B
7064,D
7065,E
7066,A
7067,B
7068,F
7069,A
7070,F
7071,F
7072,D
7073,B
7074,D
7075,E
7076,E
7077,B
7078,A
7079,D
7080,C
7081,F
7082,C
7083,F
7084,B
7085,E
7086,F
7087,F
7088,E
7089,A
7090,B
7091,F
7092,B
7093,B
7094,F
7095,A
7096,B
7097,B
7098,F
7099,F
7100,F
7101,B
7102,F
7103,B
7104,F
7105,A
7106,C
7107,B
7108,E
7109,F
7110,B
7111,B
7112,D
7113,A
7114,B
7115,C
7116,C
7117,C
7118,E
7119,C
7120,F
7121,F
7122,F
7123,E
7124,A
7125,E
7126,F
7127,B
7128,C
7129,F
7130,F
7131,B
7132,F
7133,A
7134,C
7135,B
7136,A
7137,A
7138,F
7139,A
7140,E
7141,E
7142,F
7143,B
7144,F
7145,E
7146,C
7147,F
7148,B
7149,F
7150,A
7151,B
7152,D
7153,B
7154,B
7155,F
7156,B
7157,A
7158,B
7159,A
7160,C
7161,A
7162,B
7163,D
7164,B
7165,B
7166,B
7167,F
7168,A
7169,B
7170,E
7171,D
7172,E
7173,B
7174,B
7175,E
7176,A
7177,B
7178,D
7179,D
7180,D
7181,F
7182,E
7183,E
7184,C
7185,C
7186,F
7187,B
7188,B
7189,B
7190,F
7191,E
7192,B
7193,F
7194,D
7195,C
7196,B
7197,F
7198,A
7199,B
7200,E
7201,E
7202,D
7203,B
7204,A
7205,D
7206,C
7207,E
7208,E
7209,B
7210,B
7211,E
7212,B
7213,E
7214,C
7215,B
7216,B
7217,F
7218,B
7219,E
7220,F
7221,B
7222,F
7223,B
7224,E
7225,B
7226,E
7227,A
7228,B
7229,A
7230,C
7231,C
7232,D
7233,C
7234,B
7235,B
7236,E
7237,C
7238,A
7239,E
7240,B
7241,B
7242,A
7243,F
7244,B
7245,B
7246,A
7247,C
7248,F
7249,E
7250,A
7251,D
7252,F
7253,A
7254,A
7255,E
7256,B
7257,C
7258,F
7259,A
7260,F
7261,B
7262,C
7263,E
7264,A
7265,A
7266,A
7267,E
7268,D
7269,F
7270,E
7271,D
7272,A
7273,B
7274,F
7275,B
7276,D
7277,F
7278,B
7279,F
7280,A
7281,D
7282,C
7283,C
7284,C
7285,A
7286,A
7287,A
7288,C
7289,B
7290,A
7291,D
7292,A
7293,F
7294,A
7295,D
7296,F
7297,B
7298,D
7299,B
7300,E
7301,B
7302,B
7303,B
7304,C
7305,B
7306,B
7307,F
7308,D
7309,E
7310,A
7311,F
7312,B
7313,B
7314,B
7315,A
7316,A
7317,A
7318,C
7319,B
7320,F
7321,B
7322,B
7323,D
7324,A
7325,B
7326,F
7327,E
7328,B
7329,B
7330,B
7331,B
7332,E
7333,A
7334,F
7335,E
7336,A
7337,B
7338,F
7339,F
7340,A
7341,B
7342,B
7343,F
7344,B
7345,F
7346,C
7347,A
7348,B
7349,B
7350,A
7351,C
7352,A
7353,B
7354,F
7355,F
7356,B
7357,A
7358,D
7359,B
7360,F
7361,F
7362,E
7363,B
7364,B
7365,E
7366,F
7367,A
7368,C
7369,F
7370,B
7371,E
7372,C
7373,F
7374,B
7375,B
7376,B
7377,B
7378,B
7379,B
7380,F
7381,E
7382,D
7383,A
7384,A
7385,B
7386,B
7387,B
7388,F
7389,B
7390,E
7391,F
7392,D
7393,F
7394,B
7395,D
7396,D
7397,B
7398,A
7399,D
7400,A
7401,F
7402,F
7403,F
7404,B
7405,D
7406,A
7407,E
7408,F
7409,B
7410,B
7411,A
7412,B
7413,A
7414,B
7415,B
7416,B
7417,B
7418,D
7419,B
7420,C
7421,F
7422,F
7423,E
7424,E
7425,D
7426,F
7427,A
7428,E
7429,B
7430,A
7431,F
7432,C
7433,B
7434,B
7435,D
7436,F
7437,B
7438,F
7439,D
7440,F
7441,B
7442,F
7443,B
7444,A
7445,A
7446,B
7447,B
7448,F
7449,C
7450,F
7451,E
7452,F
7453,B
7454,F
7455,E
7456,B
7457,B
7458,F
7459,A
7460,E
7461,F
7462,A
7463,D
7464,F
7465,C
7466,A
7467,C
7468,A
7469,B
7470,F
7471,F
7472,F
7473,F
7474,F
7475,B
7476,B
7477,B
7478,F
7479,A
7480,F
7481,A
7482,A
7483,F
7484,E
7485,E
7486,E
7487,A
7488,E
7489,A
7490,C
7491,A
7492,F
7493,B
7494,C
7495,F
7496,F
7497,A
7498,A
7499,F
7500,A
7501,B
7502,F
7503,E
7504,E
7505,D
7506,C
7507,C
7508,A
7509,F
7510,F
7511,A
7512,B
7513,B
7514,F
7515,B
7516,B
7517,D
7518,B
7519,A
7520,C
7521,D
7522,B
7523,C
7524,B
7525,E
7526,C
7527,F
7528,F
7529,F
7530,F
7531,E
7532,B
7533,B
7534,A
7535,D
7536,D
7537,C
7538,D
7539,B
7540,F
7541,B
7542,D
7543,C
7544,B
7545,F
7546,B
7547,C
7548,A
7549,C
7550,B
7551,A
7552,B
7553,A
7554,B
7555,F
7556,F
7557,B
7558,F
7559,D
7560,E
7561,A
7562,A
7563,F
7564,B
7565,B
7566,A
7567,E
7568,A
7569,C
7570,B
7571,C
7572,C
7573,B
7574,F
7575,D
7576,B
7577,E
7578,C
7579,A
7580,B
7581,B
7582,D
7583,A
7584,B
7585,F
7586,F
7587,E
7588,C
7589,F
7590,A
7591,F
7592,B
7593,E
7594,A
7595,F
7596,B
7597,A
7598,F
7599,B
7600,A
7601,B
7602,D
7603,B
7604,D
7605,B
7606,B
7607,A
7608,A
7609,C
7610,E
7611,E
7612,F
7613,B
7614,E
7615,B
7616,D
7617,F
7618,B
7619,F
7620,B
7621,D
7622,B
7623,A
7624,C
7625,B
7626,F
7627,C
7628,A
7629,D
7630,F
7631,E
7632,B
7633,A
7634,F
7635,A
7636,B
7637,C
7638,E
7639,B
7640,B
7641,F
7642,B
7643,B
7644,F
7645,D
7646,D
7647,B
7648,D
7649,D
7650,B
7651,A
7652,A
7653,B
7654,B
7655,A
7656,F
7657,B
7658,D
7659,A
7660,A
7661,B
7662,F
7663,C
7664,C
7665,B
7666,B
7667,B
7668,F
7669,B
7670,A
7671,D
7672,F
7673,A
7674,A
7675,B
7676,E
7677,A
7678,A
7679,B
7680,A
7681,B
7682,F
7683,A
7684,B
7685,A
7686,C
7687,D
7688,C
7689,C
7690,F
7691,C
7692,A
7693,A
7694,F
7695,E
7696,B
7697,A
7698,B
7699,B
7700,B
7701,B
7702,F
7703,A
7704,E
7705,B
7706,A
7707,B
7708,B
7709,E
7710,D
7711,B
7712,E
7713,F
7714,B
7715,D
7716,A
7717,D
7718,A
7719,B
7720,C
7721,E
7722,A
7723,B
7724,F
7725,A
7726,E
7727,C
7728,B
7729,A
7730,D
7731,B
7732,B
7733,B
7734,B
7735,B
7736,A
7737,B
7738,B
7739,B
7740,D
7741,F
7742,E
7743,B
7744,E
7745,F
7746,B
7747,D
7748,F
7749,C
7750,C
7751,C
7752,F
7753,F
7754,D
7755,A
7756,A
7757,B
7758,B
7759,A
7760,F
7761,D
7762,D
7763,C
7764,B
7765,A
7766,C
7767,F
7768,F
7769,B
7770,D
7771,A
7772,B
7773,C
7774,D
7775,D
7776,B
7777,F
7778,A
7779,C
7780,A
7781,B
7782,B
7783,D
7784,D
7785,F
7786,D
7787,B
7788,B
7789,C
7790,B
7791,B
7792,C
7793,A
7794,B
7795,F
7796,A
7797,B
7798,C
7799,A
7800,E
7801,A
7802,F
7803,B
7804,C
7805,B
7806,D
7807,C
7808,A
7809,B
7810,F
7811,A
7812,F
7813,E
7814,F
7815,C
7816,A
7817,D
7818,B
7819,B
7820,A
7821,F
7822,A
7823,B
7824,C
7825,E
7826,B
7827,B
7828,C
7829,B
7830,A
7831,F
7832,A
7833,E
7834,F
7835,A
7836,B
7837,E
7838,B
7839,B
7840,D
7841,D
7842,F
7843,B
7844,F
7845,C
7846,A
7847,D
7848,A
7849,F
7850,C
7851,B
7852,B
7853,C
7854,A
7855,C
7856,B
7857,A
7858,A
7859,B
7860,F
7861,F
7862,D
7863,A
7864,D
7865,A
7866,B
7867,F
7868,E
7869,B
7870,B
7871,A
7872,B
7873,B
7874,F
7875,D
7876,C
7877,C
7878,D
7879,F
7880,B
7881,B
7882,F
7883,A
7884,F
7885,B
7886,A
7887,F
7888,A
7889,C
7890,D
7891,F
7892,B
7893,C
7894,B
7895,B
7896,F
7897,A
7898,A
7899,A
7900,B
7901,B
7902,A
7903,E
7904,F
7905,E
7906,F
7907,E
7908,C
7909,F
7910,A
7911,A
7912,B
7913,C
7914,B
7915,C
7916,A
7917,B
7918,B
7919,A
7920,B
7921,F
7922,B
7923,D
7924,E
7925,F
7926,E
7927,E
7928,F
7929,F
7930,D
7931,D
7932,B
7933,F
7934,E
7935,C
7936,F
7937,E
7938,F
7939,D
7940,B
7941,B
7942,F
7943,C
7944,F
7945,F
7946,A
7947,A
7948,B
7949,B
7950,F
7951,E
7952,B
7953,E
7954,D
7955,D
7956,F
7957,B
7958,F
7959,B
7960,D
7961,B
7962,A
7963,F
7964,E
7965,A
7966,B
7967,F
7968,D
7969,F
7970,D
7971,A
7972,C
7973,C
7974,B
7975,B
7976,F
7977,B
7978,B
7979,E
7980,A
7981,E
7982,B
7983,F
7984,B
7985,A
7986,C
7987,A
7988,F
7989,E
7990,E
7991,C
7992,B
7993,B
7994,F
7995,C
7996,A
7997,B
7998,E
7999,B
8000,F
8001,B
8002,F
8003,B
8004,F
8005,E
8006,A
8007,F
8008,C
8009,B
8010,D
8011,F
8012,D
8013,E
8014,B
8015,C
8016,B
8017,F
8018,D
8019,B
8020,E
8021,B
8022,E
8023,C
8024,B
8025,C
8026,B
8027,B
8028,A
8029,F
8030,C
8031,F
8032,F
8033,A
8034,F
8035,B
8036,A
8037,B
8038,A
8039,B
8040,F
8041,B
8042,F
8043,B
8044,E
8045,A
8046,B
8047,B
8048,F
8049,B
8050,B
8051,D
8052,A
8053,F
8054,B
8055,B
8056,D
8057,B
8058,A
8059,A
8060,F
8061,C
8062,F
8063,C
8064,B
8065,F
8066,A
8067,C
8068,A
8069,C
8070,D
8071,B
8072,C
8073,B
8074,D
8075,F
8076,C
8077,B
8078,B
8079,D
8080,F
8081,F
8082,C
8083,A
8084,D
8085,C
8086,F
8087,D
8088,F
8089,A
8090,B
8091,F
8092,F
8093,B
8094,A
8095,B
8096,D
8097,A
8098,B
8099,A
8100,B
8101,B
8102,B
8103,F
8104,B
8105,D
8106,F
8107,A
8108,E
8109,A
8110,B
8111,F
8112,A
8113,B
8114,B
8115,D
8116,E
8117,B
8118,B
8119,D
8120,B
8121,A
8122,E
8123,F
8124,B
8125,A
8126,F
8127,A
8128,A
8129,A
8130,F
8131,F
8132,A
8133,C
8134,B
8135,B
8136,D
8137,B
8138,B
8139,A
8140,A
8141,B
8142,A
8143,B
8144,E
8145,D
8146,B
8147,B
8148,F
8149,B
8150,F
8151,A
8152,F
8153,E
8154,D
8155,B
8156,F
8157,B
8158,A
8159,B
8160,E
8161,E
8162,B
8163,E
8164,B
8165,A
8166,F
8167,F
8168,A
8169,C
8170,B
8171,F
8172,F
8173,C
8174,B
8175,B
8176,D
8177,D
8178,B
8179,F
8180,A
8181,E
8182,D
8183,A
8184,F
8185,E
8186,D
8187,F
8188,B
8189,B
8190,C
8191,D
8192,B
8193,C
8194,F
8195,A
8196,B
8197,F
8198,C
8199,F
8200,B
8201,B
8202,D
8203,C
8204,B
8205,B
8206,B
8207,D
8208,B
8209,E
8210,A
8211,A
8212,A
8213,A
8214,B
8215,B
8216,E
8217,D
8218,F
8219,D
8220,A
8221,F
8222,A
8223,C
8224,C
8225,F
8226,A
8227,F
8228,A
8229,F
8230,C
8231,B
8232,B
8233,F
8234,D
8235,F
8236,B
8237,B
8238,C
8239,A
8240,B
8241,F
8242,C
8243,B
8244,A
8245,A
8246,C
8247,A
8248,C
8249,D
8250,A
8251,B
8252,F
8253,B
8254,F
8255,D
8256,B
8257,B
8258,A
8259,E
8260,F
8261,A
8262,A
8263,D
8264,B
8265,C
8266,F
8267,B
8268,E
8269,F
8270,E
8271,E
8272,A
8273,F
8274,B
8275,D
8276,F
8277,A
8278,C
8279,C
8280,A
8281,B
8282,B
8283,F
8284,A
8285,D
8286,F
8287,F
8288,F
8289,D
8290,B
8291,C
8292,A
8293,B
8294,E
8295,F
8296,A
8297,B
8298,A
8299,F
8300,D
8301,B
8302,E
8303,F
8304,A
8305,E
8306,B
8307,B
8308,C
8309,F
8310,B
8311,B
8312,C
8313,B
8314,B
8315,B
8316,A
8317,E
8318,A
8319,C
8320,B
8321,A
8322,A
8323,B
8324,A
8325,B
8326,A
8327,F
8328,C
8329,A
8330,F
8331,D
8332,F
8333,A
8334,B
8335,D
8336,A
8337,F
8338,F
8339,F
8340,A
8341,C
8342,F
8343,F
8344,B
8345,F
8346,C
8347,A
8348,B
8349,E
8350,F
8351,F
8352,F
8353,B
8354,E
8355,A
8356,F
8357,F
8358,C
8359,A
8360,B
8361,B
8362,B
8363,B
8364,F
8365,F
8366,E
8367,F
8368,C
8369,B
8370,D
8371,E
8372,C
8373,B
8374,A
8375,B
8376,E
8377,F
8378,C
8379,A
8380,A
8381,A
8382,A
8383,B
8384,E
8385,B
8386,F
8387,B
8388,F
8389,A
8390,B
8391,E
8392,A
8393,B
8394,A
8395,B
8396,B
8397,A
8398,F
8399,B
8400,F
8401,B
8402,E
8403,C
8404,D
8405,B
8406,C
8407,B
8408,A
8409,C
8410,C
8411,A
8412,F
8413,E
8414,A
8415,A
8416,A
8417,F
8418,B
8419,A
8420,F
8421,B
8422,E
8423,A
8424,F
8425,D
8426,C
8427,A
8428,A
8429,A
8430,D
8431,C
8432,B
8433,A
8434,B
8435,F
8436,B
8437,B
8438,B
8439,F
8440,B
8441,A
8442,B
8443,B
8444,B
8445,A
8446,E
8447,F
8448,B
8449,A
8450,B
8451,B
8452,A
8453,F
8454,A
8455,F
8456,A
8457,B
8458,A
8459,F
8460,A
8461,D
8462,A
8463,A
8464,A
8465,A
8466,A
8467,B
8468,F
8469,C
8470,A
8471,D
8472,B
8473,E
8474,B
8475,D
8476,B
8477,A
8478,B
8479,F
8480,B
8481,C
8482,C
8483,B
8484,A
8485,F
8486,B
8487,D
8488,B
8489,B
8490,D
8491,C
8492,E
8493,C
8494,B
8495,D
8496,B
8497,B
8498,E
8499,B
8500,E
8501,F
8502,D
8503,E
8504,E
8505,B
8506,A
8507,C
8508,A
8509,F
8510,C
8511,E
8512,F
8513,F
8514,B
8515,F
8516,C
8517,D
8518,B
8519,D
8520,B
8521,A
8522,B
8523,D
8524,B
8525,E
8526,B
8527,E
8528,B
8529,F
8530,E
8531,F
8532,A
8533,E
8534,B
8535,D
8536,D
8537,D
8538,A
8539,D
8540,A
8541,A
8542,E
8543,F
8544,F
8545,E
8546,F
8547,E
8548,D
8549,B
8550,E
8551,D
8552,F
8553,B
8554,A
8555,B
8556,D
8557,B
8558,B
8559,F
8560,B
8561,F
8562,D
8563,A
8564,F
8565,D
8566,F
8567,F
8568,C
8569,B
8570,B
8571,F
8572,C
8573,B
8574,F
8575,D
8576,E
8577,A
8578,E
8579,B
8580,F
8581,B
8582,D
8583,A
8584,B
8585,C
8586,F
8587,D
8588,E
8589,E
8590,D
8591,F
8592,B
8593,F
8594,A
8595,F
8596,D
8597,E
8598,F
8599,D
8600,A
8601,D
8602,B
8603,F
8604,B
8605,C
8606,F
8607,B
8608,B
8609,F
8610,A
8611,B
8612,C
8613,F
8614,A
8615,D
8616,B
8617,F
8618,C
8619,B
8620,D
8621,B
8622,E
8623,B
8624,B
8625,D
8626,F
8627,B
8628,C
8629,E
8630,B
8631,B
8632,A
8633,E
8634,B
8635,B
8636,A
8637,B
8638,A
8639,F
8640,B
8641,E
8642,A
8643,B
8644,B
8645,B
8646,B
8647,A
8648,B
8649,E
8650,F
8651,E
8652,F
8653,B
8654,B
8655,F
8656,B
8657,A
8658,F
8659,B
8660,B
8661,D
8662,A
8663,E
8664,C
8665,B
8666,C
8667,A
8668,B
8669,F
8670,A
8671,C
8672,C
8673,A
8674,A
8675,B
8676,E
8677,B
8678,B
8679,A
8680,C
8681,B
8682,A
8683,F
8684,D
8685,B
8686,A
8687,C
8688,B
8689,A
8690,B
8691,F
8692,A
8693,C
8694,D
8695,F
8696,A
8697,E
8698,B
8699,C
8700,A
8701,D
8702,C
8703,B
8704,B
8705,C
8706,A
8707,A
8708,B
8709,D
8710,F
8711,A
8712,B
8713,B
8714,E
8715,F
8716,E
8717,B
8718,B
8719,B
8720,A
8721,B
8722,F
8723,B
8724,F
8725,A
8726,F
8727,A
8728,B
8729,C
8730,B
8731,E
8732,A
8733,B
8734,F
8735,B
8736,B
8737,C
8738,F
8739,C
8740,E
8741,F
8742,D
8743,A
8744,E
8745,F
8746,F
8747,F
8748,B
8749,E
8750,E
8751,A
8752,E
8753,F
8754,F
8755,A
8756,F
8757,B
8758,F
8759,A
8760,F
8761,B
8762,B
8763,B
8764,E
8765,F
8766,F
8767,B
8768,B
8769,B
8770,A
8771,B
8772,A
8773,B
8774,B
8775,B
8776,E
8777,F
8778,B
8779,F
8780,E
8781,C
8782,D
8783,A
8784,B
8785,F
8786,A
8787,F
8788,F
8789,D
8790,B
8791,A
8792,F
8793,B
8794,C
8795,A
8796,A
8797,F
8798,B
8799,C
8800,D
8801,F
8802,B
8803,B
8804,A
8805,B
8806,B
8807,A
8808,C
8809,B
8810,C
8811,F
8812,A
8813,B
8814,B
8815,A
8816,E
8817,A
8818,B
8819,F
8820,F
8821,F
8822,A
8823,F
8824,D
8825,D
8826,A
8827,B
8828,F
8829,B
8830,F
8831,B
8832,B
8833,B
8834,C
8835,F
8836,B
8837,C
8838,D
8839,E
8840,B
8841,B
8842,D
8843,A
8844,A
8845,B
8846,B
8847,E
8848,A
8849,E
8850,B
8851,B
8852,E
8853,A
8854,B
8855,E
8856,B
8857,F
8858,D
8859,F
8860,B
8861,B
8862,B
8863,F
8864,B
8865,B
8866,B
8867,E
8868,F
8869,A
8870,B
8871,E
8872,D
8873,C
8874,B
8875,B
8876,A
8877,B
8878,A
8879,A
8880,C
8881,A
8882,A
8883,D
8884,A
8885,B
8886,C
8887,A
8888,E
8889,B
8890,A
8891,B
8892,E
8893,B
8894,A
8895,F
8896,E
8897,C
8898,F
8899,D
8900,B
8901,F
8902,B
8903,D
8904,C
8905,C
8906,F
8907,B
8908,A
8909,A
8910,B
8911,A
8912,B
8913,A
8914,A
8915,A
8916,B
8917,B
8918,F
8919,B
8920,B
8921,F
8922,F
8923,E
8924,A
8925,C
8926,F
8927,A
8928,F
8929,B
8930,A
8931,E
8932,F
8933,F
8934,F
8935,D
8936,B
8937,F
8938,C
8939,D
8940,E
8941,C
8942,E
8943,B
8944,B
8945,B
8946,E
8947,F
8948,A
8949,A
8950,A
8951,C
8952,D
8953,A
8954,C
8955,B
8956,F
8957,E
8958,A
8959,D
8960,B
8961,A
8962,F
8963,A
8964,F
8965,F
8966,A
8967,B
8968,D
8969,A
8970,A
8971,B
8972,B
8973,E
8974,A
8975,F
8976,A
8977,B
8978,E
8979,B
8980,B
8981,B
8982,C
8983,A
8984,C
8985,C
8986,F
8987,A
8988,F
8989,E
8990,E
8991,F
8992,B
8993,D
8994,F
8995,E
8996,A
8997,D
8998,A
8999,B
9000,B
9001,C
9002,B
9003,E
9004,F
9005,D
9006,E
9007,B
9008,E
9009,F
9010,D
9011,F
9012,A
9013,E
9014,F
9015,C
9016,B
9017,B
9018,B
9019,A
9020,F
9021,B
9022,B
9023,C
9024,F
9025,B
9026,D
9027,A
9028,C
9029,D
9030,B
9031,A
9032,B
9033,F
9034,A
9035,C
9036,A
9037,F
9038,A
9039,B
9040,F
9041,A
9042,B
9043,C
9044,D
9045,B
9046,B
9047,B
9048,D
9049,C
9050,C
9051,B
9052,D
9053,A
9054,E
9055,D
9056,B
9057,F
9058,B
9059,E
9060,A
9061,B
9062,B
9063,B
9064,B
9065,B
9066,C
9067,C
9068,E
9069,D
9070,D
9071,F
9072,B
9073,A
9074,A
9075,B
9076,B
9077,B
9078,B
9079,A
9080,E
9081,B
9082,F
9083,B
9084,F
9085,F
9086,B
9087,C
9088,B
9089,B
9090,A
9091,B
9092,C
9093,C
9094,A
9095,A
9096,D
9097,B
9098,F
9099,B
9100,F
9101,B
9102,A
9103,D
9104,F
9105,F
9106,E
9107,D
9108,A
9109,B
9110,B
9111,D
9112,B
9113,A
9114,D
9115,A
9116,B
9117,F
9118,A
9119,F
9120,F
9121,B
9122,E
9123,B
9124,D
9125,E
9126,C
9127,A
9128,E
9129,B
9130,C
9131,F
9132,F
9133,B
9134,E
9135,F
9136,A
9137,A
9138,B
9139,C
9140,B
9141,E
9142,B
9143,D
9144,B
9145,A
9146,B
9147,B
9148,B
9149,A
9150,C
9151,A
9152,A
9153,B
9154,A
9155,B
9156,A
9157,A
9158,E
9159,E
9160,B
9161,D
9162,D
9163,F
9164,A
9165,C
9166,B
9167,A
9168,B
9169,B
9170,F
9171,B
9172,A
9173,B
9174,B
9175,F
9176,B
9177,A
9178,B
9179,B
9180,C
9181,F
9182,B
9183,F
9184,F
9185,A
9186,A
9187,F
9188,A
9189,B
9190,B
9191,F
9192,F
9193,A
9194,F
9195,D
9196,E
9197,A
9198,D
9199,E
9200,A
9201,B
9202,B
9203,C
9204,B
9205,F
9206,A
9207,B
9208,E
9209,E
9210,B
9211,C
9212,B
9213,B
9214,F
9215,A
9216,A
9217,B
9218,B
9219,B
9220,B
9221,B
9222,F
9223,B
9224,B
9225,F
9226,F
9227,F
9228,A
9229,E
9230,A
9231,A
9232,A
9233,F
9234,B
9235,F
9236,C
9237,B
9238,D
9239,C
9240,F
9241,E
9242,D
9243,A
9244,F
9245,B
9246,B
9247,E
9248,A
9249,F
9250,A
9251,C
9252,D
9253,B
9254,A
9255,D
9256,F
9257,B
9258,B
9259,B
9260,B
9261,A
9262,F
9263,D
9264,F
9265,F
9266,B
9267,F
9268,F
9269,D
9270,B
9271,B
9272,B
9273,B
9274,C
9275,D
9276,A
9277,C
9278,A
9279,E
9280,B
9281,B
9282,C
9283,B
9284,E
9285,B
9286,D
9287,C
9288,F
9289,F
9290,A
9291,F
9292,F
9293,E
9294,B
9295,B
9296,F
9297,A
9298,F
9299,E
9300,B
9301,E
9302,B
9303,F
9304,E
9305,D
9306,A
9307,D
9308,B
9309,D
9310,B
9311,A
9312,D
9313,A
9314,B
9315,B
9316,A
9317,E
9318,A
9319,E
9320,C
9321,A
9322,F
9323,E
9324,A
9325,B
9326,B
9327,C
9328,B
9329,F
9330,E
9331,B
9332,C
9333,B
9334,E
9335,B
9336,A
9337,B
9338,D
9339,A
9340,B
9341,F
9342,F
9343,B
9344,A
9345,D
9346,E
9347,B
9348,B
9349,F
9350,D
9351,F
9352,C
9353,F
9354,B
9355,A
9356,B
9357,B
9358,B
9359,A
9360,B
9361,F
9362,A
9363,B
9364,B
9365,A
9366,B
9367,C
9368,A
9369,B
9370,A
9371,B
9372,C
9373,F
9374,F
9375,F
9376,B
9377,F
9378,A
9379,B
9380,F
9381,F
9382,E
9383,B
9384,F
9385,F
9386,B
9387,F
9388,D
9389,E
9390,B
9391,F
9392,B
9393,B
9394,F
9395,A
9396,A
9397,F
9398,E
9399,B
9400,F
9401,F
9402,F
9403,A
9404,A
9405,C
9406,B
9407,B
9408,D
9409,A
9410,B
9411,B
9412,E
9413,B
9414,C
9415,B
9416,B
9417,C
9418,F
9419,A
9420,C
9421,A
9422,A
9423,B
9424,C
9425,B
9426,C
9427,B
9428,C
9429,A
9430,B
9431,D
9432,A
9433,E
9434,B
9435,C
9436,F
9437,B
9438,F
9439,A
9440,D
9441,F
9442,A
9443,B
9444,E
9445,F
9446,B
9447,A
9448,E
9449,B
9450,B
9451,F
9452,F
9453,F
9454,E
9455,D
9456,A
9457,D
9458,F
9459,F
9460,C
9461,E
9462,B
9463,E
9464,A
9465,B
9466,A
9467,B
9468,F
9469,F
9470,C
9471,F
9472,A
9473,B
9474,C
9475,F
9476,F
9477,A
9478,F
9479,D
9480,E
9481,F
9482,B
9483,F
9484,D
9485,F
9486,F
9487,F
9488,C
9489,D
9490,B
9491,F
9492,F
9493,D
9494,A
9495,E
9496,A
9497,F
9498,D
9499,B
9500,B
9501,C
9502,F
9503,A
9504,F
9505,B
9506,A
9507,B
9508,B
9509,E
9510,A
9511,B
9512,F
9513,F
9514,C
9515,D
9516,F
9517,B
9518,B
9519,E
9520,E
9521,A
9522,C
9523,F
9524,A
9525,B
9526,D
9527,B
9528,C
9529,B
9530,E
9531,F
9532,B
9533,B
9534,B
9535,A
9536,B
9537,D
9538,F
9539,E
9540,A
9541,F
9542,F
9543,B
9544,D
9545,C
9546,A
9547,F
9548,E
9549,A
9550,E
9551,A
9552,C
9553,B
9554,B
9555,F
9556,B
9557,C
9558,C
9559,A
9560,B
9561,F
9562,C
9563,F
9564,B
9565,A
9566,D
9567,D
9568,F
9569,B
9570,F
9571,D
9572,D
9573,B
9574,D
9575,A
9576,B
9577,F
9578,B
9579,C
9580,F
9581,F
9582,C
9583,F
9584,C
9585,F
9586,F
9587,C
9588,E
9589,A
9590,B
9591,F
9592,B
9593,C
9594,A
9595,B
9596,B
9597,E
9598,D
9599,F
9600,C
9601,D
9602,A
9603,B
9604,F
9605,B
9606,F
9607,D
9608,A
9609,C
9610,D
9611,A
9612,A
9613,B
9614,F
9615,D
9616,F
9617,E
9618,F
9619,B
9620,A
9621,A
9622,F
9623,C
9624,B
9625,F
9626,B
9627,F
9628,F
9629,A
9630,D
9631,F
9632,F
9633,F
9634,B
9635,D
9636,A
9637,A
9638,B
9639,D
9640,C
9641,F
9642,B
9643,D
9644,C
9645,F
9646,A
9647,A
9648,A
9649,F
9650,E
9651,A
9652,A
9653,B
9654,E
9655,B
9656,D
9657,E
9658,A
9659,D
9660,C
9661,F
9662,B
9663,F
9664,C
9665,A
9666,B
9667,A
9668,F
9669,B
9670,C
9671,B
9672,D
9673,B
9674,B
9675,A
9676,A
9677,F
9678,C
9679,F
9680,F
9681,B
9682,C
9683,C
9684,F
9685,D
9686,E
9687,F
9688,F
9689,B
9690,A
9691,A
9692,B
9693,A
9694,A
9695,C
9696,F
9697,B
9698,A
9699,F
9700,A
9701,D
9702,A
9703,E
9704,B
9705,D
9706,F
9707,A
9708,D
9709,B
9710,B
9711,B
9712,C
9713,F
9714,C
9715,C
9716,C
9717,F
9718,B
9719,E
9720,D
9721,C
9722,A
9723,B
9724,D
9725,E
9726,F
9727,A
9728,B
9729,A
9730,E
9731,A
9732,A
9733,D
9734,F
9735,E
9736,B
9737,A
9738,B
9739,A
9740,B
9741,F
9742,E
9743,C
9744,F
9745,F
9746,B
9747,F
9748,F
9749,B
9750,F
9751,A
9752,F
9753,B
9754,F
9755,F
9756,B
9757,F
9758,F
9759,B
9760,B
9761,E
9762,B
9763,B
9764,B
9765,A
9766,A
9767,F
9768,F
9769,B
9770,C
9771,E
9772,E
9773,B
9774,B
9775,A
9776,E
9777,A
9778,A
9779,A
9780,D
9781,B
9782,B
9783,F
9784,A
9785,A
9786,E
9787,F
9788,C
9789,F
9790,A
9791,A
9792,A
9793,D
9794,E
9795,E
9796,B
9797,F
9798,A
9799,C
9800,F
9801,F
9802,B
9803,F
9804,A
9805,F
9806,C
9807,A
9808,C
9809,A
9810,D
9811,A
9812,A
9813,F
9814,C
9815,B
9816,A
9817,F
9818,E
9819,B
9820,C
9821,B
9822,B
9823,F
9824,B
9825,E
9826,E
9827,B
9828,A
9829,F
9830,B
9831,E
9832,B
9833,D
9834,B
9835,A
9836,C
9837,B
9838,A
9839,C
9840,A
9841,F
9842,F
9843,C
9844,F
9845,C
9846,A
9847,B
9848,B
9849,A
9850,F
9851,A
9852,F
9853,C
9854,F
9855,B
9856,B
9857,D
9858,D
9859,B
9860,A
9861,B
9862,C
9863,D
9864,B
9865,B
9866,D
9867,B
9868,A
9869,A
9870,A
9871,D
9872,E
9873,D
9874,A
9875,B
9876,B
9877,A
9878,A
9879,B
9880,B
9881,B
9882,B
9883,D
9884,D
9885,A
9886,E
9887,D
9888,A
9889,D
9890,B
9891,A
9892,F
9893,B
9894,A
9895,F
9896,A
9897,F
9898,D
9899,B
9900,B
9901,F
9902,F
9903,D
9904,D
9905,B
9906,D
9907,A
9908,A
9909,B
9910,C
9911,A
9912,D
9913,B
9914,B
9915,F
9916,D
9917,A
9918,A
9919,A
9920,B
9921,B
9922,D
9923,B
9924,A
9925,A
9926,F
9927,D
9928,F
9929,A
9930,A
9931,A
9932,C
9933,F
9934,D
9935,F
9936,C
9937,F
9938,B
9939,B
9940,C
9941,B
9942,A
9943,F
9944,C
9945,B
9946,E
9947,A
9948,F
9949,F
9950,B
9951,F
9952,A
9953,A
9954,B
9955,C
9956,B
9957,E
9958,A
9959,C
9960,F
9961,B
9962,F
9963,A
9964,B
9965,B
9966,B
9967,A
9968,F
9969,C
9970,E
9971,B
9972,A
9973,D
9974,D
9975,D
9976,B
9977,C
9978,E
9979,F
9980,A
9981,F
9982,A
9983,B
9984,B
9985,B
9986,A
9987,D
9988,F
9989,F
9990,F
9991,A
9992,A
9993,C
9994,C
9995,B
9996,B
9997,C
9998,F
9999,F
10000,A
